vernacular_name,scientific_name,used_parts,harvest,preservation,desease,GBIF,GBIF_id,theferns,hazards,habitat,habit,cultivation,edible,others,agroforestry,propagation
Chamomile (EN); Camomilla volgare (IT);,Matricaria chamomilla,Flowers;,"Harvest between May and June, preferably at the start of flowering and early in the morning","Dry in the shade and in the open air: store in glass, paper or wooden containers",To regulate menstrual cycle; Dysmenorrhea; Amenorrhea;    ,https://www.gbif.org/species/8370958,8370958,https://temperate.theferns.info/viewtropical.php?id=Matricaria+chamomilla,"Individuals allergic to ragweeds (Ambrosia spp.) or with known sensitivity to other members of the Compositae family should avoid contact with German camomile and its products. Camomile hypersensitivity is rare, however.","preferring sunny sites (slightly shaded sites are tolerated) and found on wasteland, roadsides and fields",annual,"It grows best in areas where annual daytime temperatures are within the range 19 - 25°c, but can tolerate 6 - 30°c. When dormant, the plant can survive temperatures down to about -5°c, but young growth can be severely damaged at 0°c. It prefers a mean annual rainfall in the range 700 - 1,000mm, but tolerates 300 - 1,300mm. An easily grown plant, it succeeds in any well-drained soil in a sunny position and can tolerate light shade.  It prefers neutral to slightly acid conditions and succeeds in poor soils and moderately saline conditions. Prefers a pH in the range 5.5 - 6.5, tolerating 5 - 7. It usually self-sows freely when well-sited.","The young sprigs are sometimes used as a seasoning. The dried flowers are used to make herb teas.","It is also used as a liquid feed and general plant tonic, effective against a number of plant diseases. The whole plant is very aromatic and was formerly used as a strewing herb. The whole plant is insect repellent. Freshly distilled essential oil is blue, but exposed to light and air it gradually changes to green and finally brown. It has a strong characteristic odour and a bitter aromatic flavour. The constituents of the oil include sesquiterpenes, flavonoids and azulenes. Yellow to gold dyes are obtained from the flowers.",,"Seed - sow spring or autumn in situ. Germination should take place within 3 weeks."
Comfrey (EN); Consolida (IT);,Symphytum officinale,Radice;,,,Pirosi;,https://www.gbif.org/species/7558421,7558421,https://temperate.theferns.info/viewtropical.php?id=Symphytum+officinale,"This plant contains small quantities of a toxic alkaloid which can have a cumulative effect upon the liver. Largest concentrations are found in the roots, leaves contain higher quantities of the alkaloid as they grow older and young leaves contain almost none. Most people would have to consume very large quantities of the plant in order to do any harm, though anyone with liver problems should obviously be more cautious. In general, the health-promoting properties of the plant probably far outweigh any possible disbenefits, especially if only the younger leaves are used.","Damp, often shady localities, in meadows, woods etc, especially near streams and rivers.",perennial,"Symphytum officinale is a fairly cold-hardy plant, tolerating temperatures down to about -20°c. Tolerates most soils and situations but prefers a moist soil and some shade. Grows well in heavy clay soils. Best grown in an open sunny site in a deep rich soil if it is being grown for compost material. Plants can be invasive, often spreading freely by means of self-sown seed. The root system is very deep and difficult to eradicate, even small fragments of root left in the soil can produce new plants.","Young leaves - cooked or raw. The leaf is hairy and the texture is mucilaginous. It may be full of minerals but it is not pleasant eating for most tastes. It can be chopped up finely and added to salads, in this way the hairiness is not so obvious. Young shoots can be used as an asparagus substitute. Older leaves can be dried and used as a tea. The peeled roots are cut up and added to soups. A tea is made from the dried leaves and roots. The roasted roots are used with dandelion and chicory roots for making coffee.","The plant grows very quickly, producing a lot of bulk. It is tolerant of being cut several times a year and can be used to provide 'instant compost' for crops such as potatoes. Simply layer the wilted leaves at the bottom of the potato trench or apply them as a mulch in no-dig gardens. A liquid feed can be obtained by soaking the leaves in a small amount of water for a week, excellent for potassium demanding crops such as tomatoes. The leaves are also a very valuable addition to the compost heap.","A gum obtained from the roots was at one time used in the treatment of wool before it was spun","Seed - sow spring or autumn in a cold frame. When they are large enough to handle, prick the seedlings out into individual pots and grow them on in the greenhouse for their first winter. Plant them out into their permanent positions in late spring or early summer, after the last expected frosts. If you have sufficient seed you can try an outdoor sowing in situ in the spring. Division succeeds at almost any time of the year. Simply use a spade to chop off the top 7cm of root just below the soil level. The original root will regrow and you will have a number of root tops, each of which will make a new plant. These can either be potted up or planted out straight into their permanent positions."
Liquorice (EN); Liquirizia (IT);,Glycyrrhiza glabra,Radice;,"Il rizoma (di una pianta che ha superato il 3° anno di età), andrà raccolto nel tardo autunno","Le radici, pulite e mondate, dovranno essere fatte essiccare all'ombra, e conservate in fascetti al riparo dall'umidità",Pirosi;,https://www.gbif.org/species/2965732,2965732,https://temperate.theferns.info/viewtropical.php?id=Glycyrrhiza+glabra,"A gross overdose of the root can cause oedema, high blood pressure and congestive heart failure.","Dry open places, especially in sandy places. Margins of farms, roadsides, saline areas.",perennial,"Requires a deep well cultivated fertile moisture-retentive soil for good root production. Prefers a sandy soil with abundant moisture and does not flourish in clay. Prefers a pH in the range 6.5 - 7.5, tolerating 5.5 - 8.2. Slightly alkaline conditions produce the best plants. The plant thrives in a maritime climate and can tolerate moderate levels of soil salinity. Unless seed is required, the plant is usually prevented from flowering so that it puts more energy into producing good quality roots. Plants are slow to settle in and do not produce much growth in their first two years after being moved. The young growth is also very susceptible to damage by slugs and so the plant will require some protection for its first few years. A fairly deep-rooting plant, the roots are up to 120cm long. It can be difficult to eradicate once it is established.", "Root - raw or used as a flavouring. The source of liquorice powder that is extracted and used in sweets, baked goods, ice cream, soft drinks etc. The dried root is often used for chewing, it is excellent for teething children and also as a tooth cleaner. A tea made from the roots is an excellent thirst quencher.  The powdered root is also used as a sweetener in other herb teas.","Extracts from the root are used as a foaming agent in beers and fire extinguishers. A fibre obtained from the roots is used for insulation, wallboard, boxboard etc. The fibres can be used after the medicinal and flavouring constituents of the root have been removed.",,"Pre-soak the seed for 24 hours in warm water and then sow spring or autumn in a greenhouse. Prick out the seedlings into individual pots when they are large enough to handle, and grow them on for their first winter in a greenhouse. Plant out in late spring or early summer when in active growth. Plants are rather slow to grow from seed. Division of the root in spring or autumn. Each division must have at least one growth bud. Autumn divisions can either be replanted immediately or stored in clamps until the spring and then be planted out.  It is best to pt up the smaller divisions and grow them on in a cold frame until they are established before planting them out in the spring or summer."
Lemon Balm (EN); Melissa (IT);,Melissa officinalis,Flowers; Flowering tops;,Harvest the flowering tops at the start of flowering and shortly after the leaves appear,"Dry quickly in a well-ventilated, dry place, away from direct sunlight, and store in sealed containers away from light, dust and moisture. Replace your stock annually.",Dismenorrea;,https://www.gbif.org/species/5341501,5341501,https://temperate.theferns.info/viewtropical.php?id=Melissa+officinalis,,"Waste places and derelict land near human habitations",perennial,"It succeeds in any well-drained soil in a sunny sheltered position. t prefers a light rich moist soil, a warm position and partial shade. Once established, this is a drought tolerant species, it is a useful plant to try in difficult dry places, usually succeeding in the dustiest of soils once it is established. Plants can often self-sow. If the plants are cut back hard after flowering, they will produce a fresh flush of leaves. Members of this genus are rarely if ever troubled by browsing deer or rabbits. A good bee plant. A good companion plant, especially for brassicas.","Leaves - raw or cooked. A pleasant lemon-like aroma and flavour, they are used mainly as a flavouring in salads and cooked foods. A lemon-flavoured tea can be made from the fresh or dried leaves. A bunch of the leaves can be added to china tea, much improving the flavour, the leaves are also added to fruit cups etc. ","The growing plant is said to repel flies and ants.  It is also rubbed on the skin as a repellent,  though the essential oil would be more effective here. An essential oil is obtained from the plant. The whole plant is very pleasantly aromatic, the aroma lasting for a long time after the plant has been harvested.","Makes a good companion for cabbages and tomatoes, its aromatic nature helping to repel insect pests.","Seed - sow spring or autumn in a cold frame. Germination can be slow. Prick out the seedlings into individual pots as soon as they are large enough to handle and plant out into their permanent positions when the plants are at least 15cm tall. If there is plenty of seed it can be sown in an outdoor seed bed in mid spring. Plant out into their permanent positions the following spring. Division in spring or autumn. Very easy, larger clumps can be replanted direct into their permanent positions, though it is best to pot up smaller clumps and grow them on in a cold frame until they are rooting well. Plant them out in the spring."
Lemon Verbena (EN); Verbena odorosa (IT);,Aloysia citrodora,Foglie; ,,,Pirosi;,https://www.gbif.org/species/5667503,5667503,https://temperate.theferns.info/viewtropical.php?id=Aloysia+citrodora,"The essential oil from the plant might sensitise the skin to sunlight.","Fields and roadsides. Open scrub.",dedicious shrub,"It grows best in areas where annual daytime temperatures are within the range 18 - 28°c, but can tolerate 14 - 33°c. Mature, dormant plants can be killed by temperatures of -12°c or lower, although new growth will be badly damaged at 0°c. It prefers a mean annual rainfall in the range 600 - 1,800mm, but tolerates 500 - 1,000mm. It can be cut back to ground level in a cold winter, but will then usually resprout from the base in late spring or early summer. Giving the roots a good, thick organic mulch will confer extra protection from winter cold. Requires a sunny sheltered position.  Succeeds in most moderately fertile soils if they are well-drained. Prefers a light soil. Prefers a pH in the range 5.5 - 7, tolerating 5 - 7.5. Any pruning is best carried out in the spring. his species is notably resistant to honey fungus","Leaves - occasionally cooked as a spinach, but more commonly used as a flavouring in salads, fruit salads etc. A delicious and refreshing tea is made from the leaves. The dried leaves will retain their lemon aroma for many years.",,"The growing plant repels midges, flies and other insects","Seed - we have no information for this species but suggest sowing the seed in a greenhouse in late spring. Only just cover the seed and keep in a light position, making sure the compost does not dry out. When large enough to handle, prick the seedlings out into individual pots and grow them on in the greenhouse for at least their first winter. Plant them out in early summer and give some protection from the cold for at least their first winter outdoors. Cuttings of softwood, late spring/early summer in a frame. Grow on for at least their first winter in a greenhouse and plant out in late spring after the last expected frosts. The cuttings root quickly and easily, though there can be losses in the first winter. Cuttings of half-ripe wood, August in a frame. Grow on for at least their first winter in a greenhouse and plant out in late spring after the last expected frosts. The cuttings root quickly and easily, though there can be losses in the first winter."
Yarrow (EN); Achillea millefoglie (IT);,Achillea millefolium,Flowering tops;,"Harvest throughout the summer, from May to September",Dry in the shade in a well-ventilated place and store in containers away from moisture,Dismenorrea;,https://www.gbif.org/species/3120060,3120060,https://temperate.theferns.info/viewtropical.php?id=Achillea+millefolium,"Extended use of this plant, either medicinally or in the diet, can cause allergic skin rashes or lead to photosensitivity in some people.","Meadows, pastures, lawns, waste ground etc., on all but the poorest soils",perennial,"A very hardy plant, tolerating temperatures down to about -25°c. Succeeds in most soils and situations but prefers a well-drained soil in a sunny position. Shade tolerant. Plants live longer when grown in a poor soil and also do well on lime. Established plants are very drought tolerant,  they can show distress in very severe droughts but usually recover.  It remains green after grass has turned brown in a drought. Plants succeed in maritime gardens. The plant has a very spreading root system and is usually quite invasive.","Leaves - raw or cooked. A rather bitter flavour, they make an acceptable addition to mixed salads and are best used when young. The leaves are also used as a hop-substitute for flavouring and as a preservative for beer etc. An aromatic tea is made from the flowers and leaves.","The growing plant repels beetles, ants and flies.  The plant has been burnt in order to ward off mosquitoes. A liquid plant feed can be made from the leaves. You fill a container with the leaves and then add some water. Leave it to soak for a week or two and then dilute the rather smelly dark liquid, perhaps 10 - 1 with water though this figure is not crucial. This plant is an essential ingredient of 'Quick Return' herbal compost activator. This is a dried and powdered mixture of several herbs that can be added to a compost heap in order to speed up bacterial activity and thus shorten the time needed to make the compost. Yellow and green dyes are obtained from the flowers.","A good ground cover plant, spreading quickly by its roots. Yarrow is an excellent plant for growing in lawns, meadows, orchards etc., it is tolerant of repeated close cutting and of being walked on. It works to improve the soil fertility.  A very good companion plant, it improves the health of plants growing nearby and enhances their essential oil content thus making them more resistant to insect predations. A good bee plant, it is an important nectar source for many insects.","Seed - sow spring or early autumn in a cold frame. The seed usually germinates in 1 - 3 months.  When large enough to handle, prick the seedlings out into individual pots and plant them out in the summer. Division in spring or autumn. Very easy, the divisions can be planted direct into their permanent positions. Divisions succeed at any time of the year. Basal cuttings of new shoots in spring. Very easy, collect the shoots when they are about 10cm tall, potting them up individually in pots and keeping them in a warm but lightly shaded position. They should root within 3 weeks and will be ready to plant out in the summer."
Wormwood (EN); Assenzio (IT);,Artemisia absinthium,Leaves; Flowering tops;,"Harvest during the flowering season, from June to September","Hang them in bunches to dry in the shade and store them in a cool, dry place",Dismenorrea; Amenorrhea;        ,https://www.gbif.org/species/3121319,3121319,https://temperate.theferns.info/viewtropical.php?id=Artemisia+absinthium,"The essential oil in this plant contains thujone. Side effects from consuming thujone can include sleeplessness and anxiety but, unless the pure essential oil is used, the quantity of thujone found in plants is well within safety levels. Pregnant women, however, may be advised to restrict their use of thujone-containing plants. The plant is poisonous if used in large quantities. Just the scent of the plant has been known to cause headaches and nervousness in some people.","Waste land, rocks and screes.",perennial,"Succeeds in any soil but it is best in a poor dry one with a warm aspect. Established plants are very drought tolerant. Plants are longer lived, more hardy and more aromatic when they are grown in a poor dry soil. Easily grown in a well-drained circumneutral or slightly alkaline loamy soil, preferring a sunny position. Tolerates a pH in the range 4.8 to 8.2. Volatile emanations from its leaves completely prevented germination in wheat, and inhibited seedling growth in wheat, hoary cress and common flax, whereas seedling growth on white mustard was markedly stimulated. Extracts made from the leaves prevent germination on all the above species, and extracts of roots prevented germination of wheat and reduced root and shoot elongation in hoary cress, common flax and white mustard by 53 - 85%.","Leaves are occasionally used as a flavouring.","The fresh or dried shoots are said to repel insects and mice,  they have been laid amongst clothing to repel moths and have also been used as a strewing herb. An infusion of the plant is said to discourage slugs and insects. The plant contains substances called sesquiterpene lactones, these are strongly insecticidal.","The growing plant is said to inhibit the growth of fennel, sage, caraway, anise and most young plants, especially in wet years. Wormwood is a good companion for carrots, however, helping to protect them from root fly.","Seed - surface sow from late winter to early summer in a greenhouse. The seed usually germinates within 2 - 26 weeks at 15°c.  When they are large enough to handle, prick the seedlings out into individual pots. They can be planted out in the summer, or kept in pots in a cold frame for the winter and then planted out in the spring. Cuttings of half-ripe wood, mid summer in a frame. Division in spring or autumn."
Shepherd's Purse (EN); Borsa del Pastore (IT);,Capsella bursa-pastoris,Plant;,,,Dismenorrea;,https://www.gbif.org/species/5375388,5375388,https://temperate.theferns.info/viewtropical.php?id=Capsella+bursa-pastoris,,"Arable land, gardens, waste places etc, it is a common weed of cultivated soil and can even be found growing in situations such as cracks in pavements",annual,"Prefers a sunny position. Plants flourish in most soils from clays to sandy loams, but dislikes wet conditions.  They will grow even in the poorest of soils, though in such a situation the plants might only reach a few centimetres tall before they flower and set seed. In rich soils plants will take longer to go to seed and will grow up to 60cm tall. Tolerates a pH in the range 5 - 8. The leaves grow rather larger under cultivation, they can be harvested about a month after sowing and can be treated as a cut and come again crop. They do run to seed fairly rapidly, however, especially in hot dry weather or when in poor soils.","Leaves - raw or cooked. The young leaves, used before the plant comes into flower, make a fine addition to salads.  The leaves are a cress and cabbage substitute, becoming peppery with age. Leaves are usually available all year round, though they can also be dried for later use. The young flowering shoots can be eaten raw or cooked. They are rather thin and fiddly but the taste is quite acceptable. They can be available at most times of the year. Seed - raw or cooked.  It can be ground into a meal and used in soups etc.  It is very fiddly to harvest and utilize, the seed is very small. The fresh or dried root is a ginger substitute.","The seed, when placed in water, attracts mosquitoes. It has a gummy substance that binds the insects mouth to the seed. The seed also releases a substance toxic to the larvae. ½ kilo of seed is said to be able to kill 10 million larvae.","Plants can be grown on salty or marshy land in order to reclaim it by absorbing the salt and 'sweetening' the soil","Seed - sow in situ late winter to May. Seed can also be sown as late as mid autumn. The seed germinates best at temperatures between 5 - 30°c. Fresh seed is usually dormant, but the dormancy is broken by temperatures below 15°c. The seed can remain dormant and viable for many years in the soil. A common weed of disturbed ground, the plant does not normally need any help to maintain itself."
Pot Marigold (EN); Calendula (IT);,Calendula officinalis,Flowers;,"Harvest the flowers before they are fully open, preferably in the morning","Dry in a dry, well-ventilated place, taking care not to expose the flower heads to direct sunlight, and store in wooden or cardboard boxes",Dismenorrea;,https://www.gbif.org/species/5391480,5391480,https://temperate.theferns.info/viewtropical.php?id=Calendula+officinalis,,"Waste, cultivated and arable land and along roadsides",annual," It grows best in areas where annual daytime temperatures are within the range 16 - 26°c, but can tolerate 8 - 30°c.  It prefers a mean annual rainfall in the range 500 - 800mm, but tolerates 300 - 2,500mm. An easily grown plant, it succeeds in any well-drained soil, hough it prefers a good loam and requires a sunny or at least partially sunny position. Plants flower best when they are grown in a poor soil. Prefers a pH in the range 5.5 - 7, tolerating 4.5 - 8.3. The flowers are sensitive to variations in temperature and dampness, closing when it is dark and when rain is expected. All parts of the plant are pungently scented.","Leaves - raw. When eaten they first of all impart a viscid sweetness, followed by a strong penetrating taste of a saline nature. Fresh petals are chopped and added to salads. The dried petals have a more concentrated flavour and are used as a seasoning in soups, cakes etc. High in vitamins A and C. An edible yellow dye is obtained from the petals. A tea is made from the petals and flowers, that made from the petals is less bitter.","The flowers are an alternative ingredient of 'Quick Return' compost activator. This is a dried and powdered mixture of several herbs that can be added to a compost heap in order to speed up bacterial activity and thus shorten the time needed to make the compost. A yellow dye is obtained from the boiled flowers. An essential oil is obtained from the plant.  It is used rather sparingly, in view of the difficulty in obtaining it, in perfumes that have a rather sharp tang. The flowers close when wet weather is likely to occur and they can therefore be used as a rough means of weather forecasting.","The growing plant acts as an insect deterrent,  it reduces the soil eelworm population. The growing plant attracts hoverflies to the garden, the young of which are fairly efficient eaters of aphids. The flowers are attractive to bees. Marigolds are good companion plants, they grow well with tomatoes. Cucumber mosaic disease and powdery mildew can cause problems with this plant.","Seed - sow in situ from spring to early summer and again in September. The seed germinates best in darkness and usually within 1 - 2 weeks at 21°c. The plant often self-sows freely."
Hop (EN); Luppolo (IT);,Humulus lupulus,Flowers;,Harvest the flowers (female inflorescences) from summer through to autumn,Dry in the shade and store in airtight containers,Dismenorrea;,https://www.gbif.org/species/2984535,2984535,https://temperate.theferns.info/viewtropical.php?id=Humulus+lupulus,"Skin contact with the plant causes dermatitis in sensitive people. Hops dermatitis has long been recognized. Not only hands and face, but legs have suffered purpuric eruptions due to hop picking. Dislodged hairs from the plant can irritate the eyes.","Hedgerows, woodlands and sunny waste ground",perennial climber,"Easily grown in a good garden soil in sun or semi-shade. Prefers a deep rich loam and a warm sheltered position. Plants can succeed in dry shade if plenty of humus is incorporated into the soil, once established they are also somewhat drought tolerant. Hops are reported to tolerate an annual precipitation of between 31 and 137cm, an annual temperature in the range of 5.6 to 21.3°C and a pH of 4.5 to 8.2. Plants are very hardy tolerating temperatures down to about -20°c when dormant. The young shoots in spring, however, can be damaged by any more than a mild frost. A climbing plant, supporting itself by twining around the branches of other plants. Hops are fairly deep rooted, but with a network of shallow feeding roots. These horizontal feeding roots spread out at depth of 20 - 30 cm in the soil and give rise to fibrous roots in upper layers of soil. The vertical roots develop downwards to a depth of about 150 cm with a spread of 183 - 244 cm and have no fibrous roots. The bruised leaves are refreshingly aromatic whilst the flowers cast a pleasing scent. A food plant for many caterpillars.","Young leaves and young shoots - cooked. The flavour is unique and, to many tastes, delicious. Young leaves can be eaten in salads.  Use before the end of May. The leaves contain rutin. The fleshy rhizomes are sometimes eaten. A tea is made from the leaves and cones.  It has a gentle calming effect. The seeds contain gamma-linolenic acid, an essential fatty acid that is said to have many important functions in the human body and is rarely found in plant sources. The essential oil in the flowering heads is used as a flavouring in cereal beverages and mineral waters. Extracts from the plant, and the oil, are used as flavouring in non-alcoholic beverages, frozen dairy desserts, candy, baked goods and puddings, with the highest average maximum use level of 0.072% reported for an extract used in baked goods.","A fine brown dye is obtained from the leaves and flower heads. A fibre is obtained from the stems; it is used to make a coarse kind of cloth. It is sometimes used for filler material in corrugated paper or board products, but is unsuited for corrugated paper because of low pulp yield and high chemical requirement, or for production of high-grade pulp for speciality paper.  The fibre is very durable but it is difficult to separate, the stems need to be soaked beforehand for a whole winter. A paper can also be made from the fibre, the stems are harvested in the autumn, the leaves removed and the stems steamed until the fibres can be removed. The fibre is cooked for 2 hours with lye and then hand pounded with mallets or ball milled for 2½ hours. The paper is brown in colour.",,"Seed - sow spring in a cold frame. Germination is fairly quick. Prick out the seedlings into individual pots as soon as they are large enough to handle and plant out in the summer or following spring. Division in spring as new growth begins. Very easy, you can plant the divisions straight out into their permanent positions if required. Basal cuttings in early spring. Harvest the shoots when they are about 10 - 15cm long with plenty of underground stem. Pot them up into individual pots and keep them in light shade in a cold frame or greenhouse until they are rooting well. Plant them out in the summer."
Sage (EN); Salvia (IT);,Salvia officinalis,Leaves; Flowering tops;,"The flowering tops are harvested from May to August, and the leaves from April to July",Dry the parts in the shade and store them in containers away from light and moisture,Dismenorrea;,https://www.gbif.org/species/2927004,2927004,https://temperate.theferns.info/viewtropical.php?id=Salvia+officinalis,"The essential oil in this plant contains thujone. Side effects from consuming thujone can include sleeplessness and anxiety but, unless the pure essential oil is used, the quantity of thujone found in plants is well within safety levels. Pregnant women, however, may be advised to restrict their use of thujone-containing plants.","Dry banks and stony places, usually in limestone areas and often where there is very little soil.",evergreen shrub,"It grows best in areas where annual daytime temperatures are within the range 15 - 26°c, but can tolerate 5 - 30°c. When dormant, the plant can survive temperatures down to about -10°c so long as the soil is not wet and this is not for more than a few days. It prefers a mean annual rainfall in the range 500 - 1,000mm, but tolerates 300 - 1,500mm. Requires a very well-drained light sandy soil in a sunny position. Prefers a calcareous soil. Dislikes heavy or acid soils. Prefers a pH in the range 5 - 6.5, tolerating 4.2 - 8.3. Succeeds in dry soils, tolerating drought once it is established. Sage can be killed by excessive winter wet and winter-planted bushes often die. Plants need to be trimmed in late spring in order to keep them compact. They tend to degenerate after a few years and are best replaced after about 4 years. The leaves emit a unique pungent aroma when pressed. A good companion for many plants, including rosemary, cabbages and carrots, the growing plant is said to repel insects. It is inhibited by wormwood growing nearby and dislikes growing with basil, rue or the cucumber and squash family.","Leaves and flowers - raw or cooked. A very common herb, the strongly aromatic leaves are used as a flavouring in cooked foods. They are an aid to digestion and so are often used with heavy, oily foods. They impart a sausage-like flavour to savoury dishes. The young leaves and flowers can be eaten raw, boiled, pickled. The flowers can also be sprinkled on salads to add colour and fragrance. A herb tea is made from the fresh or dried leaves, it is said to improve the digestion.","The leaves make excellent tooth cleaners. Simply rub the top side of the leaf over the teeth and gums. The purple-leafed form of sage has tougher leaves and is better for cleaning the teeth. The leaves have antiseptic properties and can heal diseased gums. The plant was formerly used as a strewing herb and has been burnt in rooms to fumigate them.","A good companion for many plants, including rosemary, cabbages and carrots. It is inhibited by wormwood growing nearby and dislikes growing with basil, rue or the cucumber and squash family. The growing or dried plant is said to repel insects, it is especially useful when grown amongst cabbages and carrots. A good dense ground cover plant for sunny positions, though it needs weeding for the first year or two. They are best spaced about 60cm apart each way.","Seed - sow early to mid spring in a greenhouse. Germination usually takes place within 2 weeks. Prick out the seedlings into individual pots when they are large enough to handle and plant them out in early summer. In areas where the plant is towards the limits of its hardiness, it is best to grow the plants on in a greenhouse for their first winter and plant them out in late spring of the following year. Cuttings of heeled shoots, taken off the stem in May and planted out directly into the garden grow away well. Cuttings of half-ripe wood, 5 - 10cm with a heel, early summer to August in a frame. Cuttings of mature wood, 7 - 10cm with a heel, late autumn in a cold frame. Layering in spring or autumn. Mound soil up into the plants, the branches will root into this soil and they can be removed and planted out 6 - 12 months later."
Elderberry (EN); Ebolo (IT);,Sambucus nigra,Roots;,,,Amenorrhea;,https://www.gbif.org/species/2888728,2888728,https://temperate.theferns.info/viewtropical.php?id=Sambucus+nigra,"The leaves and stems are poisonous.","Hedgerows, scrub, woods, roadsides, waste places etc, especially on disturbed base-rich and nitrogen rich soils.",dedicious shrub,"A very easily grown plant, it tolerates most soils and situations,  growing well on chalk, but prefers a moist loamy soil. Grows well in heavy clay soils. Tolerates some shade but fruits better in a sunny position. Tolerates atmospheric pollution and coastal situations. The elder is very occasionally cultivated for its edible fruit, there are some named varieties though most of these have been developed for their ornamental value. The leaves often begin to open as early as January and are fully open in April. The leaves fall in October/November in exposed sites, later in sheltered positions. Young stems can be killed by late frosts but they are soon replaced from the ground level. Very tolerant of pruning, plants can be cut back to ground level and will regrow from the base. The flowers have a sweet, almost overpowering smell, not exactly pleasant when inhaled near to for it has fishy undertones, but from a distance its musky scent is appealing. Very resistant to the predations of rabbits. The flowers are very attractive to insects. The fruit is very attractive to birds and this can draw them away from other cultivated fruits. The elder is an early colonizer of derelict land, the seed arriving in the defecations of birds and mammals. It is a very good pioneer species for re-establishing woodlands.","Fruit - raw or cooked. The flavour of the raw fruit is not acceptable to many tastes, though when cooked it makes delicious jams, preserves, pies and so forth. It can be used fresh or dried, the dried fruit being less bitter. The fruit is used to add flavour and colour to preserves, jams, pies, sauces, chutneys etc, it is also often used to make wine. The fruit is about 8mm in diameter and is borne in large clusters. Flowers - raw or cooked. They can also be dried for later use. The flowers are crisp and somewhat juicy, they have an aromatic smell and flavour and are delicious raw as a refreshing snack on a summers day, though look out for the insects. The flowers are used to add a muscatel flavour to stewed fruits, jellies and jams. They are often used to make a sparkling wine. A sweet tea is made from the dried flowers. The leaves are used to impart a green colouring to oils and fats.","The plant is a valuable addition to the compost heap,  its flowers are an alternative ingredient of 'QR' herbal compost activator  and the roots of the plant improve fermentation of the compost heap when growing nearby. The leaves are used as an insect repellent, very effective when rubbed on the skin though they do impart their own unique fragrance. They can be powdered and placed amongst plants to act as a deterrent, or made into a spray when they act as an insecticide. This is prepared by boiling 3 - 4 handfuls of leaves in a litre of water, then straining and allowing to cool before applying. Effective against many insects, it also treats various fungal infections such as leaf rot and powdery mildew. The dried flowering shoots are used to repel insects, rodents etc. The flowers are used in skin lotions, oils and ointments. Tolerant of salt-laden gales, this species can be grown as a shelter hedge in exposed maritime areas, it is rather bare in the winter though. This is an excellent pioneer species to use when re-establishing woodlands. It is very tough and wind-resistant, grows quickly and provides shelter for longer-lived and taller woodland species to establish. It will generally maintain itself in the developing woodland, though usually in the sunnier positions. A dye is obtained from the fruit and the bark. The bark of older branches and the root have been used as an ingredient in dyeing black. A green dye is obtained from the leaves when alum is used as a mordant. The berries yield various shades of blue and purple dyes. They have also been used as a hair dye, turning the hair black. The blue colouring matter from the fruit can be used as a litmus to test if something is acid or alkaline. It turns green in an alkaline solution and red in an acid solution. The pith in the stems of young branches pushes out easily and the hollow stems thus made have been used as pipes for blowing air into a fire. They can also be made into musical instruments. The pith of the wood is used for making microscope slides and also for treating burns and scalds. The mature wood is white and fine-grained. It is easily cut and polishes well. Valued highly by carpenters, it has many used, for making skewers, mathematical instruments, toys etc.",,"Seed - best sown as soon as it is ripe in the autumn in a cold frame, when it should germinate in early spring. Stored seed can be sown in the spring in a cold frame but will probably germinate better if it is given 2 months warm followed by 2 months cold stratification first. Prick out the seedlings into individual pots when they are large enough to handle. If good growth is made, the young plants can be placed in their permanent positions during the early summer. Otherwise, either put them in a sheltered nursery bed, or keep them in their pots in a sheltered position and plant them out in spring of the following year. Cuttings of half-ripe wood, 7 - 10cm with a heel, mid summer in a frame. Cuttings of mature wood of the current season's growth, 15 - 20cm with a heel, late autumn in a frame or a sheltered outdoor bed. Division of suckers in the dormant season."
Celery (EN); Sedano (IT);,Apium graveolens,Roots; Fruits; Flowers; Leaves;,Harvest the flowers at the start of flowering or during flowering; harvest the roots and fruits from autumn to spring,"Dry the flowers in the shade and store them in sealed containers. Dry the roots in the sun and store them in glass jars. Dry the fruits, crush them and sieve them, taking care to store them in glass jars",Menorrhagia; To regulate menstrual cycle;,https://www.gbif.org/species/5371879,5371879,https://temperate.theferns.info/viewtropical.php?id=Apium+graveolens,"If the plant is infected with the fungus Sclerotinia sclerotiorum, skin contact with the sap can cause dermatitis in sensitive people.","Ditches, by rivers and in other damp locations, especially near the sea in salt marshes",biennial,"The plants are fairly hardy, though they can be damaged by hard frosts. Prefers a rich moist soil in sun or semi-shade, but with some shade in the summer. It is tolerant of saline soils. The growing plant is a good companion for leeks, tomatoes, French beans and brassicas.","Leaves - raw or cooked. Mainly used as a flavouring in soups etc. They can be eaten raw but have a very strong flavour. They are toxic if consumed in large amounts. Seed - a flavouring. Used in small quantities to flavour soups and stews.  An essential oil from the seed is also used as a flavouring. Root - cooked.","The growing plant is an insect repellent, it repels the cabbage white butterfly so is a good companion for brassicas.",,"Seed - sow spring or autumn in situ. If seed is in short supply it can be sown in a cold frame in spring. The seed can harbour certain diseases of celery, it is usually treated by seed companies before being sold but if you save your own seed you should make sure that only seed from healthy plants is used."
Parsley (EN); Prezzemolo (IT);,Petroselinum crispum (Mill.),Roots; Leaves; Fruits;,Harvest the leaves in late spring. Harvest the roots and seeds in early autumn,"Dry the roots and leaves in the shade, taking care to store them separately: use airtight containers for the roots and canvas or paper bags for the leaves. Then dry the seeds by placing them in direct sunlight. Keep all parts in a dry place",Amenorrhea; To regulate menstrual cycle;,https://www.gbif.org/species/7828157,7828157,https://temperate.theferns.info/viewtropical.php?id=Petroselinum+crispum,"Excessive contact with the plant can cause skin inflammation","Grassy waste places on walls and rocks, especially on limestone and near the coast.",biennial," It grows best in areas where annual daytime temperatures are within the range 11 - 20°c, but can tolerate 7 - 28°c.  When dormant, the plant can survive temperatures down to about -5°c, but young growth can be severely damaged at 0°c.  It prefers a mean annual rainfall in the range 900 - 1,500mm, but tolerates 300 - 2,800mm. Prefers a moist well-drained soil in sun or partial shade. High temperatures can adversely affect growth, so light shade is often helpful. Prefers a good light soil that is not too light or acid, growing poorly in light acid soils. Tolerant of a moderate level of salt in the soil. Prefers a pH in the range 6 - 7.5, tolerating 5.3 - 8.3.  Leaves may be harvested 70 - 100 days after transplanting, and harvesting may continue for as long as local climatic conditions allow. A good bee plant. A good companion plant, especially for growing near roses, tomatoes, carrots, chives and asparagus, giving them all added vigour and protection against certain pests, especially carrot root fly and rose beetles.","Leaves - raw or cooked. Parsley is frequently used as a garnish or as a flavouring in salads and many cooked dishes, but has too strong a flavour to be eaten in quantity for most palates. The leaves should be harvested regularly in order to encourage fresh growth and get maximum yields. The leaves are difficult to dry. The stems can be dried and ground and used as a food colouring. A tea is made from the fresh or dried leaves.","The juice is an effective mosquito repellent when it is rubbed into the skin and is also used to relieve the pain of stings and bites. An infusion of the leaves is an excellent rinse for dark hair and also helps in the treatment of dandruff.","A good companion plant, repelling insects from nearby plants","Seed - Three sowings can provide a year round supply of fresh leaves. The first sowing is made in a greenhouse in late winter. Prick out the seedlings into individual pots when they are large enough to handle and plant them out in mid to late spring. The second sowing is made outdoors in situ in the middle of spring and the third is also made in situ outdoors, this time in mid to late summer. Germination usually takes place in about 7 days at 25°c, though it can take 4 - 6 weeks. Germination time can be reduced by pre-soaking the seed for 12 hours in hot water that is allowed to cool quickly, but be careful not to overdo the heat and cook the seed. The seed remains viable in normal storage for 2 - 3 years."
Common mallow (EN); Malva (IT);,Malva sylvestris,Leaves; Flowers;,Harvest the flowers just before they are fully open; harvest the leaves whilst they are in bloom,"Dry in the shade immediately after harvesting and store in sealed containers, protected from air and moisture",To regulate menstrual cycle; Amenorrhea;        ,https://www.gbif.org/species/3152374,3152374,https://temperate.theferns.info/viewtropical.php?id=Malva+sylvestris,"When grown on nitrogen rich soils,  the plant tends to concentrate high levels of nitrates in its leaves.","Waste ground, field verges and roadsides, avoiding acid soils. Shrub thickets, open woods, parks, gardens, waste places, orchards, cereal fields, field borders, waysides and fences.",biennial,"A very easily grown plant, succeeding in ordinary garden soil and in poor soils.  It prefers a reasonably well-drained and moderately fertile soil in a sunny position, where it will produce a better crop of salad leaves. Plants seem to be immune to the predations of rabbits. Prone to infestation by rust fungus.","Leaves - raw or cooked. Mucilaginous with a mild pleasant flavour, they are nice in soups where they act as a thickener. The young leaves also make a very acceptable substitute for lettuce in a salad. Immature seed - raw. Used as a nibble, the seeds have a nice nutty flavour. Flowers - raw. Added to salads or used as a garnish. The flowers are also used to colour various liquors and vinegar, to enrich the color of certain kinds of red wine, etc. The leaves are a tea substitute.","Cream, yellow and green dyes can be obtained from the plant and the seed heads. A dye obtained from the flowers can be used to dye wool a blackish-blue or gray colour (with iron as a mordant), or bluish-violet to gray (with aluminum mordant), and dark violet (with lead mordant). A tincture of the flowers forms a very delicate test for alkalis. A coarse fibre obtained from the stems is useful for cordage, textiles and paper making. The seeds contain 10 - 18% of a a yellow-coloured oil, with an iodine number of 110.7.",,"Seed - sow early spring in situ. Germination should take place within 2 weeks."
Lettuce (EN); Lattuga (IT);,Lactuca sativa,Roots; Leaves; Flowers;,,,To regulate menstrual cycle;,https://www.gbif.org/species/7403263,7403263,https://temperate.theferns.info/viewtropical.php?id=Lactuca+sativa,,,annual,"Prefers a light sandy loam. Succeeds in most well-drained, humus-rich soils but dislikes acid conditions. Plants strongly dislike dry conditions, quickly running to seed in such a situation. Early and late sowings are best in a sunny position, but summer crops are best given a position with some shade in order to slow down the plants tendency to go to seed and to prevent the leaves becoming bitter. Lettuces are quite a problematic crop to grow. They require quite a lot of attention to protect them from pests such as slugs, aphids and birds. If the weather is hot and dry the plants tend to run very quickly to seed, developing a bitter flavour as they do so. In wet weather they are likely to develop fungal diseases. In addition, the seed needs to be sown at regular intervals of 2- 3 weeks during the growing season in order to provide a regular supply of leaves.","Leaves - raw or cooked. A mild slightly sweet flavour with a crisp texture, lettuce is a very commonly used salad leaf and can also be cooked as a potherb or be added to soups etc. Seed - sprouted. An edible oil is obtained from the seed. The seed is very small, extraction of the oil on any scale would not be very feasible.","Parasiticide",,"Seed - sow a small quantity of seed in situ every 2 or 3 weeks from early spring (with protection in cooler areas) to early summer and make another sowing in mid summer to early autumn for a winter/spring crop. Only just cover the seed. Germination is usually rapid and good, thin the plants if necessary, these thinnings can be transplanted to produce a slightly later crop (but they will need to be well watered in dry weather). More certain winter crops can be obtained by sowing in a frame in September/early autumn and again in January/late winter."
Blue daisy (EN); Cicoria (IT);,Cichorium intybus,Plant;,"Harvest the roots in autumn, and the leaves and flowers before they bloom",Cut the root lengthways and dry it in the sun. Leave the leaves and flowers to dry in the shade and store them in plastic bags,To regulate menstrual cycle;,https://www.gbif.org/species/5392252,5392252,https://temperate.theferns.info/viewtropical.php?id=Cichorium+intybus,"Excessive and continued use may impair function of the retina","Grassy meadows and arable land, especially on chalk",perennial,"Prefers a sunny position in any moderately fertile well-drained moisture retentive soil. Prefers a pH 5.5 to 7. Tolerates a pH in the range 4.5 to 8.3. Chicory grows on any type of soil but, when cultivated, grows best on mellow, deeply tilled, fertile soil or sandy loam. A cool weather crop, it tolerates only moderate summer temperatures and requires well-distributed rainfall, with good drainage, or some irrigation in drier areas. Chicory produces a taproot which penetrates deeply into the soil in a relatively short time; soil too wet for beans and small grains is not suitable. To insure proper root-growth, apply lime or marl to acid soil to neutralize acidity. Chicory is reported to tolerate a pH in the range of 4.5 to 8.3, an annual rainfall of 30 to 400 cm and an annual mean biotemperature of 6° to 27°C. Although a perennial, chicory is usually cultivated as an annual crop, especially when being grown as a winter salad. The winter salad cultivars are usually sown in early summer to make sure that they do not flower in their first year of growth. By late autumn they have formed an overwintering rosette of leaves rather like a cabbage. These leaves can be harvested as required during the winter and the plants will then usually make some new growth (as long as the winter is not too cold) that can be harvested in late winter or early spring. The plants run to flower in the following summer and fail to make an overwintering rosette of leaves for that winter.","Leaves - raw or cooked. The leaves are rather bitter, especially when the plants are flowering. The leaves are often blanched by excluding light, either by removing all the leaves and then earthing up the new growth, or by covering the plant with a bucket or something similar. Whilst this greatly reduces any bitterness, there is also a corresponding loss of vitamins and minerals. The blanched leaves are often used in winter salads (they are known as chicons) and are also cooked. The unblanched leaves are much less bitter in winter and make an excellent addition to salads at this time of year. Flowers - raw. Root - cooked like parsnip. The boiled young roots form a very palatable vegetable. The root is said to be an ideal food for diabetics because of its inulin content. Inulin is a starch that cannot be digested by humans, it tends to pass straight through the digestive system and is therefore unlikely to be of use to a diabetic. However, the inulin can be used to make a sweetener that is suitable for diabetics to use. Roots are used in seasoning soups, sauces and gravies, and to impart a rich deep colour. The roasted root is used as a caffeine-free coffee adulterant or substitute. Young roots have a slightly bitter caramel flavour when roasted, roots over 2 years old are much more bitter.","A blue dye has been obtained from the leaves. The flowers are an alternative ingredient of 'QR' herbal compost activator. This is a dried and powdered mixture of several herbs that can be added to a compost heap in order to speed up bacterial activity and thus shorten the time needed to make the compost.",,"Seed - sow the wild form or cultivars being grown for their roots in May or early summer in situ. Cultivars being grown for their edible leaves can be sown in mid spring for a summer crop or in early summer/July for a winter crop. Sow them in situ or in pots and then plant them out as soon as they are large enough."
Fennel (EN); Finocchio (IT);,Foeniculum vulgare Mill.,Roots; Leaves; Fruits; Seeds;,"Harvest the roots in autumn, taking care to discard any that have become woody. The leaves should be harvested in summer, before flowering, and the fruits should be picked before they ripen","The roots can be sun-dried and stored in dust-proof bags, whilst the leaves and seeds, which have been dried in the shade and in the open air, can be stored in wooden or cardboard containers",To regulate menstrual cycle;,https://www.gbif.org/species/3034922,3034922,https://temperate.theferns.info/viewtropical.php?id=Foeniculum+vulgare,"Skin contact with the sap or essential oil is said to cause photo-sensitivity and/or dermatitis in some people. Ingestion of the oil can cause vomiting, seizures and pulmonary oedema.","Found most often in dry stony calcareous soils near the sea",evergreen perennial," It is fairly cold-hardy, known to tolerate occasional temperatures falling as low as -25°c so long as conditions are fairly dry, though it does lose its top growth in such conditions. It grows best in regions where the mean annual rainfall is within the range 500 - 2,000mm, tolerating up to 4,000mm, and the mean annual temperature is within the range 6 - 12°c, tolerating up to 24°c. lants are liable to die out over the winter if the soil is not well-drained or the weather is persistently cold and wet. Fennel is generally an easily grown plant, it succeeds in most soils but prefers a sunny dry position. It grows well in sandy soils and is drought tolerant once established. The plant thrives in non-acid, well-drained loams and tolerates a soil pH between 6.3 and 8.3. Plants often self-sow freely in the garden. Plants can be grown in quite coarse grass, which can be cut annually in the autumn. Initial development of seedlingz is slow, with a period of 8- 12 weeks from sowing to stem emergence. Flowering occurs 3 - 4 months after sowing, and the time from sowing to first seed harvest is 5 - 7 months. Especially in mild winters, the leaves can be available all year round.  It is best to cut a few plants back to ground level occasionally during the growing season, thus ensuring a constant supply of fresh young shoots.  In a dry summer make sure that you water the cut-down clump or it might not regrow that year. It is best not to grow fennel and dill (Anethum graveolens) close to each other since hybridisation can occur and the resulting seedlings will be of indeterminate flavour","Leaves - raw or cooked. A delicious aniseed flavour, the young leaves are best since older ones soon become tough. They are often used as a garnish on raw or cooked dishes and make a very pleasant addition to salads. They help to improve digestion and so are particularly useful with oily foods. The leaves are difficult to store dried,  though this does not really matter since they can often be harvested all year round, especially if the plants are in a warm, sheltered position. Leaf stalks and flower heads - raw or cooked. An essential oil from the fully ripened and dried seed is used as a food flavouring in similar ways to the whole seed. Root - cooked. Somewhat parsnip-like. The leaves or the seeds can be used to make a pleasant-tasting herbal tea.","The seed yields up to 5% of an essential oil. The seeds of fennel contain approximately 20% fatty oil, of which about 80% is petroselinic acid. The dried plant is an insect repellent,  the crushed leaves are effective for keeping dogs free of fleas. The plant was formerly used as a strewing herb. Yellow and brown dyes are obtained from the flowers and leaves combined.","It inhibits the growth of nearby plants, especially beans, tomatoes and kohl rabi.  It is itself inhibited by wormwood and coriander. However, the flowering plant attracts beneficial insects such as bees, parasitic wasps, tachinid flies and hoverflies to the garden. The presence of these creatures will help to maintain a natural balance of insects in the garden and help prevent infestations by aphis etc.","Seed - best sown in early spring in situ.  Seeds normally germinate within 2 - 3 weeks after sowing. The seed can also be sown in situ in the autumn. Division in early spring as the new growth appears. The plants are very tolerant of disturbance, we have found divisions to take well at any time of the year, though these divisions are never as good as seed-sown plants."
Anise (EN); Anice verde(IT);,Pimpinella anisum,Fruits; Seeds;,"The falling of the seeds from the central umbel, which is the first to flower and whose fruits are the most fragrant, determines the harvest date","The seeds should be dried in the shade or in the sun, and then shelled. It is recommended to store them in containers in a dry place",Amenorrhea;        ,https://www.gbif.org/species/8080300,8080300,https://temperate.theferns.info/viewtropical.php?id=Pimpinella+anisum,,,annual,"It grows best in areas where annual daytime temperatures are within the range 18 - 26°c, but can tolerate 5 - 30°c. The plant can survive temperatures down to about -7°c. Succeeds in ordinary garden soil, but prefers a fairly rich warm well-drained light soil in a sunny position. Prefers a pH in the range 6.5 - 7, tolerating 6 - 7.3. Plants strongly resent root disturbance and should not be transplanted. A good companion plant in the garden, its aromatic nature helping to keep nearby plants free of aphis etc. Its flowers attract parasitic wasps to the garden and these prey on a large number of garden pests. Aniseed grows especially well with coriander.","Young leaves - raw or cooked. The leaves have a sweet aniseed flavour, they are very refreshing to chew and are also nice as a flavouring in salads, puddings, soups, stews etc. When adding to cooked dishes, only add the leaves for the last few minutes of the cooking or the flavour will be lost. The aromatic seed is eaten raw or used as a flavouring in raw or cooked foods such as soups, pies, bread and cakes. A distinctive sweet liquorice flavour,  its use improves the body's ability to digest food. The seed is harvested by cutting the whole plant when the seed is ripe. The plants are then kept in a warm, dry position for a week and then threshed to remove the seeds. Store the seeds in the dark in an airtight jar. An essential oil from the seed is used as a food flavouring in sweets (especially aniseed balls) ice cream, chewing gum, pickles etc. The leaves and the seeds can be brewed into a sweet liquorice-like tea.","An essential oil is obtained from the seed, used in perfumery, tooth pastes, medicinally and as a food flavouring. The powdered seed can be used as a dentifrice and mouthwash. The plant can be used as an insect repellent but it is also said to attract mice. If aniseed oil is liberally smeared around live-traps it can attract mice and other rodents into them. The plants seem to be immune to the predations of slugs and snails and can help to protect neighbouring plants.  A spray made by boiling of one part coriander leaves and one part anise seeds in two parts of water is very effective against red spider mites and woolly aphids.",,"Seed - sow mid to late spring in situ. This sowing only succeeds in producing a crop of ripe seeds in years when the summers are hot. A more certain crop (but much more labour intensive) can be obtained by sowing 4 - 5 seeds per pot in a greenhouse in early spring. They should germinate within 3 weeks. Thin if necessary to the best seedling and plant them out after the last expected frosts.  Aniseed strongly resents root disturbance."
Oleander (EN); Oleandro (IT);,Nerium oleander,Leafs;,"Harvest the leaves during the summer, before the plants come into full bloom","Harvest the leaves during the summer, before the plants come into full bloom",Amenorrhea;        ,https://www.gbif.org/species/3169756,3169756,https://temperate.theferns.info/viewtropical.php?id=Nerium+oleander,"Skin contact with the plant can cause irritation. Death has been known to follow the use of the wood of this plant as a meat skewer. The plant contains a number of toxic principles, including oleandrin, neriine (neroside), oleandroside, ouabain and digitoxine. When ingested they can cause vomiting, shivering, gastroenteritis, respiratory disorders, weakness, brachycardia, convulsions, heart failure and death by asphyxia.","River banks and river gravels in Europe. Seasonally dry rocky watercourses.",evergreen shrub,"The plant is not very cold-hardy, being able to tolerate short periods with temperatures down to around -5 to -8°c when fully dormant, so long as the soil is well-drained. Requires a position in full sun. Prefers a fertile well-drained soil. Lime tolerant. Plants are very tolerant of heat and also of drought once they are established. Grows well in maritime gardens, tolerating salt-laden winds and saline soils.",,"The plant is used as a rat poison, a parasiticide and an insecticide. The pounded leaves and bark are used as an insecticide. An aqueous maceration of the pounded seeds can be used as an insecticide. A green dye is obtained from the flowers. The leaves contain small amounts of latex that can be used to make rubber, though the amount is too small for commercial utilization. A sticky lates exudes if the stems are cut.",,"Seed - sow spring in a greenhouse. Do not use seed from pods infected with the bacterial disease 'oleander knot'. Prick out the seedlings into individual pots when they are large enough to handle and grow them on in the greenhouse for at least their first winter before planting them out in early summer. Cuttings of half-ripe side shoots, mid summer to early autumn in a frame. Cuttings of mature leading shoots."
Common Ivy (EN); Edera (IT);,Hedera helix,Leafs; Flowers;,Harvest at any time of year,Harvest at any time of year,To regulate menstrual cycle;,https://www.gbif.org/species/8351737,8351737,https://temperate.theferns.info/viewtropical.php?id=Hedera+helix,"The plant is said to be poisonous in large doses although the leaves are eaten with impunity by various mammals without any noticeable harmful affects. The leaves and fruits contain the saponic glycoside hederagenin which, if ingested, can cause breathing difficulties and coma. The sap can cause dermatitis with blistering and inflammation. This is apparently due to the presence of polyacetylene compounds.","Woodlands, hedges and shady places, climbing up trees, walls etc and clambering over the ground. Found on all types of soils.",evergreen climber,"It grows well in heavy clay soils. Prefers some lime in the soil. Tolerates very dense shade, though it may not flower in such a position. The plant is very hardy and tolerant of atmospheric pollution. Established plants are drought tolerant. A very ornamental and hardy plant, it tolerates temperatures down to about -25°c. It provides dense shelter for birds, spiders etc, an abundant late supply of nectar for insects and a supply of seeds for winter food.  It is a food plant for the larvae of many species of butterfly. This species is notably resistant to honey fungus.",,"A yellow and a brown dye are obtained from the twigs. A decoction of the leaves is used to restore black fabrics and also as a hair rinse to darken the hair. If the leaves are boiled with soda they are a soap substitute for washing clothes etc.","An excellent ground cover for shady places, succeeding even in the dense shade of trees. A very effective weed suppresser. It is especially good at removing chemical vapours, especially formaldehyde","Seed - remove the flesh, which inhibits germination, and sow the seed in spring in a cold frame. Four weeks cold stratification will improve germination. When they are large enough to handle, prick the seedlings out into individual pots and grow them on in the cold frame for their first winter. Plant them out into their permanent positions in late spring or early summer, after the last expected frosts. Cuttings of half-ripe wood, mid summer in a shady position in a frame. Good percentage. Cuttings of mature wood, 12cm long, late autumn in a cold frame. Layering. Plants often do this naturally."
Southern Wormwood (EN); Abrotano (IT);,Artemisia abrotanum,,,,Amenorrhea;        ,https://www.gbif.org/species/8042568,8042568,https://temperate.theferns.info/viewtropical.php?id=Artemisia+abrotanum,,,dedicious shrub,"Succeeds in most soils, preferring a well-drained one that is not too rich.  Easily grown in a well-drained circumneutral or slightly alkaline loamy soil, preferring a sunny position. Plants are longer lived, more hardy and more aromatic when they are grown in a poor dry soil. Tolerates a pH in the range 6.3 to 7.6. Established plants are drought tolerant. Plants succeed in maritime gardens. The leaves are very aromatic. It is best to cut the plant back fairly hard every spring in order to keep it compact and encourage plenty of new growth. Plants in this genus are notably resistant to honey fungus. Members of this genus are rarely if ever troubled by browsing deer.","The young shoots have a bitter, lemony flavour and are used in small quantities as a flavouring in cakes, salads and vinegars. A tea is made from the young bitter shoots.","The fresh plant can be rubbed onto the skin to deter insects. The shoots can be dried for indoor use, they remain effective for 6 - 12 months. They are also said to repel ants. Shoots can be burnt in the fireplace to remove cooking odours from the house. The leaves have a refreshing lemon-like fragrance and are used in pot-pourri. A yellow dye is obtained from the branches. An essential oil from the leaves and flowering shoots is used in perfumery in order to add certain subtle tones.","A good companion plant for cabbages. It is also a good plant to grow in the orchard, where it can help to reduce insect pests. The growing plant repels fruit tree moths when growing in an orchard. Plants can be grown as a low hedge, they tolerate quite hard clipping.","Seed - surface sow from late winter to early summer in a greenhouse. The seed usually germinates in 1 - 2 months at 15°c. When large enough to handle, prick the seedlings out into individual pots. Once the seedlings are more than 15cm tall, plant them out into their permanent positions in late spring or summer. Cuttings of young wood 8cm long, May in a frame. Cuttings of half-ripe wood with a heel, mid summer in a frame."
Cypress (EN); Cipresso (IT);,Cupressus sempervirens,Buds; Young branches;,Collect the branches in spring and the buds in winter,Dry the branches in the shade and store them in paper or cloth bags. Dry the buds in the sun and store them in tightly sealed containers,Amenorrhea;  To regulate menstrual cycle;         ,https://www.gbif.org/species/2684030,2684030,https://temperate.theferns.info/viewtropical.php?id=Cupressus+sempervirens,,"Rocky mountainous areas, usually near the coast, in S. Europe. Maquis and in pine or juniper woodland, growing in rocky soil mostly over limestone on slopes and in gorges, occasionally igneous rock; at elevations up to 1,700 metres.",evergreen tree,"Thrives in a deep well-drained loamy or peaty soil. Established plants are very tolerant of hot dry conditions and drought. Tolerates poor sandy soils, but is then more subject to damage by white-scale insects in a succession of dry seasons. Plants are not very happy when growing on chalky soils but they thrive on limestone. Requires a sunny position. Growth can be quite vigorous, especially in young trees, with many averaging 60cm a year. Growth slows and almost comes to a halt when the tree is 12 - 15 metres tall. Plants are subject to injury by the wind. Trees are notably susceptible to honey fungus. The seed takes two summers to mature. Mature cones can remain unopened on the tree for a number of years. They open after the heat of a forest fire to scatter their seeds which then germinate and grow away quickly in the ashes of the fire. Plants are resentful of root disturbance, any transplanting should be done in April or September when the roots are in active growth.",,"An essential oil is distilled from the shoots. It is used in perfumery and soap making. An infusion of the wood is used in footbaths to combat perspiration of the feet. The fragrant wood is very hard and very durable. A popular wood for building uses, cabinet making and wardrobes, especially since it retains its fragrance, repels moths and is impervious to woodworm.",,"Seed - sow late winter in a cold frame and only just cover the seed. Three weeks cold stratification can improve germination rates. The seed usually germinates in 1 - 2 months at 20°c. The seedlings are very subject to damping off so should be watered with care and kept well-ventilated. When they are large enough to handle, prick the seedlings out into individual pots and grow them on in the greenhouse for at least their first winter. Plant them out into their permanent positions in late spring or early summer, after the last expected frosts. The seed can store for several years. Cuttings of almost ripe wood, September in a frost-proof frame. Mid spring is the best time to take cuttings."
Common poppy (EN); Papavero (IT);,Papaverum rhoeas,Flowers;,"Harvest the petals and the seedpods, emptied of their seeds, during flowering","Dry in the shade and store in containers away from light, moisture and air",Dysmenorrhea;,https://www.gbif.org/species/2888443,2888443,https://temperate.theferns.info/viewtropical.php?id=Papaver+rhoeas,"This plant is toxic to mammals, though the toxicity is low. The seed is not toxic.","A common weed of cultivated land and waste places, avoiding acid soils. Becoming far less frequent on cultivated land due to modern agricultural practices.",annual,"Prefers a well-drained sandy loam in a sunny position. Does not do well on wet clay soils but succeeds in most other soils. Plants usually self-sow freely when growing in suitable conditions so long as the soil surface is disturbed. When growing in cereal fields, poppies decrease the yields of nearby cereal plants. Members of this genus are rarely if ever troubled by browsing deer or rabbits.","Seed - raw or cooked. Much used as a flavouring in cakes, bread, fruit salads etc, it imparts a very nice nutty flavour. The seeds are rather small, but they are contained in fairly large seed pods and so are easy to harvest. The seeds are perfectly safe to eat, containing none of the alkaloids associated with other parts of the plant. Leaves - raw or cooked. Used like spinach or as a flavouring in soups and salads. The leaves should not be used after the flower buds have formed. Some caution is advised, see the notes above on toxicity. An edible oil is obtained from the seed.  Said to be an excellent substitute for olive oil,  it can be used in salad dressings or for cooking. A syrup can be prepared from the scarlet flower petals, it is used in soups, gruels etc. A red dye from the petals is used as a food flavouring, especially in wine.","A red dye is obtained from the flowers, though it is very fugitive. A syrup made from the petals has been used as a colouring matter for old inks. The red petals are used to add colour to pot-pourri.",,"Seed - sow spring or autumn in situ."
Savin juniper (EN); Erba sabina (IT);,Juniperus sabina,Flowers;,,,Amenorrhea; To regulate menstrual cycle;  ,https://www.gbif.org/species/7963890,7963890,https://temperate.theferns.info/viewtropical.php?id=Juniperus+sabina,"The foliage and the seeds contain sabinol (a terpenic alcohol) and gallic acid, which is transformed into pyrogallol. Consumption of the foliage causes a severe irritation of all mucous membranes. The sabinol attacks the nervous system, causing convulsions.","Montane to subalpine coniferous forests; invading alpine meadows, most abundant on sunny, dry slopes in mountains with a mesic climate, often on limestone but also on granitic rock, especially on drier slopes; at elevations from 700 - 3,000 metres",evergreen shrub,"Cold-hardy plant, able to tolerate temperatures down to around -35°c when fully dormant. Succeeds in most soils if they are well drained, preferring a neutral or slightly alkaline soil. Prefers a limestone soil. Succeeds in poor soils and in light shade. Established plants are drought tolerant, succeeding in hot dry positions. Tolerates maritime exposure. All parts of the plant have a powerful pungent smell. The plant is sometimes attacked by a rust, this is a fungus with an aecidial stage on the leaves of pear trees. Plants are resistant to honey fungus.",,"Leaves are used as an insect repellent, a decoction of them is used against lice. An essential oil from the leaves and shoots has strong diuretic properties and is also used in perfumery. The wood is of little value, but was traditionally used in the Alps to make walking sticks.","The taller forms of this species make a good hedge. A good dense ground cover plant, though it is slow to cover the ground. The species type eventually forms a high ground cover, but there are many named forms that are lower-growing. Plants should be spaced about 1.2 metres apart each way.","The seed requires a period of cold stratification. The seed has a hard seedcoat and can be very slow to germinate, requiring a cold period followed by a warm period and then another cold spell, each of 2 - 3 months duration. Soaking the seed for 3 - 6 seconds in boiling water may speed up the germination process. The seed is best sown as soon as it is ripe in a cold frame. Some might germinate in the following spring, though most will take another year. Another possibility is to harvest the seed 'green' (when the embryo has fully formed but before the seedcoat has hardened). The seedlings can be potted up into individual pots when they are large enough to handle. Grow on in pots until large enough, then plant out in early summer. When stored dry, the seed can remain viable for several years. Cuttings of mature wood, 5 - 10cm with a heel, September/early autumn in a cold frame. Plant out in the following autumn. Layering in September/early autumn. Takes 12 months."
Saffron (EN); Zafferano (IT);,Crocus sativus,Flowers;,Harvest the stigmas of the flowers at the start of flowering,Dry in the sun and store in canvas bags away from light and moisture,Amenorrhea;        ,https://www.gbif.org/species/2747430,2747430,https://temperate.theferns.info/viewtropical.php?id=Crocus+sativus,,,corm,"Prefers a well-drained sandy or loamy soil that is free from clay. Prefers a sunny position. Grows well on calcareous soils and on hot sheltered stony banks. Plants are very frost hardy. They also thrive in areas with poor summers, though they usually fail to flower in such conditions. Plants produce less saffron when grown on rich soils. Saffron has been cultivated for over 4,000 years for the edible dye obtained from the flower stigmas. When inhaled near to, the flowers have a delicate perfume. Unlike most members of this genus, the flowers do not close of a night time or in dull weather. The flowers are only produced after hot, dry summers. Plants tend to move considerably from their original planting place because of their means of vegetative reproduction, it is therefore wise not to grow different species in close proximity. Any planting out is best done in late spring or early summer. Plants take 4 - 5 years to come into flowering from seed.","The flower styles are commonly used as a flavouring and yellow colouring for various foods such as bread, soups, sauces, rice and puddings.  The styles are extremely rich in riboflavin. Water soluble. The flower styles are used as a tea substitute. Root - cooked. The corms are toxic to young animals so this report of edibility should be treated with some caution.","The yellow dye obtained from the stigmas has been used for many centuries to colour cloth. A blue or green dye is obtained from the petals.",,"Seed - according to some reports this species is a sterile triploid and so does not produce fertile seed. However, if seed is obtained then it is best sown as soon as it is ripe in a cold frame. Stored seed can be sown in the spring in a cold frame. Germination can take 1 - 6 months at 18°c. Unless the seed has been sown too thickly, do not transplant the seedlings in their first year of growth, but give them regular liquid feeds to make sure they do not become deficient. Divide the small bulbs once the plants have died down, planting 2 - 3 bulbs per 8cm pot. Grow them on for another 2 years in a greenhouse or frame and plant them out into their permanent positions when dormant in late summer. It takes 3 years for plants to flower from seed. Division of the clumps in late summer after the plant has died down. The bulbs can be planted out direct into their permanent positions."
Incense (EN); Incenso (IT);,Boswellia,Seeds;,,,Amenorrhea;        ,https://www.gbif.org/species/3190439,3190439,,,,,,,,,
White butterbur (EN); Farfaraccio bianco (IT);,Petasites albus Gaertn. ,,,,Metrorrhagia;,https://www.gbif.org/species/7749287,7749287,https://temperate.theferns.info/viewtropical.php?id=Petasites+albus,,"Waste ground, roadsides, plantations and woods, often in damp soils.",perennial,"Prefers a deep fertile humus-rich soil that is permanently moist but not stagnant, succeeding in shade, semi-shade or full sun. Prefers partial shade. Prefers a heavy soil. Plants can be grown in quite coarse grass, which can be cut annually in the autumn. A very invasive plant, too rampant for anything other than the wild garden. Dioecious, male and female plants must be grown if seed is required.","The small fleshy petioles (leaf stems) are very palatable when cooked and eaten like asparagus.","A good ground cover for the wilder areas of the garden. It is too invasive to be used in small gardens and is only suitable for covering large areas. The leaves were at one time used by peasants as a head covering.",,"Seed - we have no information on this species but suggest sowing the seed in a cold frame as soon as it is ripe or in early spring. Only just cover the seed and do not allow the compost to dry out. When they are large enough to handle, prick the seedlings out into individual pots and plant them out in the summer. Division succeeds at almost any time of the year. Very easy, larger divisions can be planted out direct into their permanent positions. We have found that it is better to pot up the smaller divisions and grow them on in light shade in a cold frame until they are well established before planting them out in late spring or early summer."
Coltsfoot (EN); Farfarella (IT);,Tussilago farfara,Leaves;,,,To regulate menstrual cycle;,https://www.gbif.org/species/3149879,3149879,https://temperate.theferns.info/viewtropical.php?id=Tussilago+farfara,"The plant contains traces of liver-affecting pyrrolizidine alkaloids and is potentially toxic in large doses.","Damp habitats, frequently on alkaline clays, in hedgebanks, roadsides, wasteland, often as a pioneer, and on dunes and shingle in coastal zones.",perennial,"A very easily grown plant, it succeeds in most soils when grown in full sun.  It prefers a moist neutral to alkaline soil and will also succeed in partial shade. Plants are hardy to about -29°c. Coltsfoot is a very tough plant that is more than capable of looking after itself. When well sited its roots will spread very freely sending up new shoots at some distance from the clump even if growing amongst dense weed competition. This can make it a problem weed in gardens,  so either choose your site with care or find some means of restraining it such as by planting in a large tub that is buried in the ground. The rhizomes can lay dormant in the soil for many years, emerging when the soil is disturbed.","Flower buds and young flowers - raw or cooked. A pleasant aniseed flavour, they add a distinctive aromatic flavour to salads. Young leaves - raw or cooked. They can be used in salads, added to soups, or cooked as a vegetable. The leaves have a bitter taste unless they are washed after being boiled. An aromatic tea is made from the fresh or dried leaves and flowers. It has a liquorice-like flavour. The dried and burnt leaves are used as a salt substitute. The slender rootstock is candied in sugar syrup.","The soft down on the underside of the leaves is used as a stuffing material. When wrapped in a rag, dipped in saltpetre and dried in the sun it makes an excellent tinder. Plants have an extensive root system and are used to stabilize banks. The leaves are a valuable addition to the compost heap.",,"Seed - the plant does not usually require help with spreading itself around, but if required the seed can be sown in situ in early spring or autumn. Division of the roots is very easy and succeeds at almost any time in the year. The divisions can be planted out direct into their permanent positions."
Starflower/Borage (EN); Borragine (IT);,Borago officinalis,Leaves; Flowering tops;,"Harvest before the flowers have fully opened, preferably in the morning","Dry immediately after harvesting in a dry, well-ventilated place, taking care to separate the flowers from their calyxes beforehand",Amenorrhea;        ,https://www.gbif.org/species/2926110,2926110,https://temperate.theferns.info/viewtropical.php?id=Borago+officinalis,"The plant, but not the oil obtained from the seeds, contains small amounts of pyrrolizidine alkaloids that can cause liver damage and liver cancer","Waste ground",annual,"A very easily grown plant, succeeding in ordinary garden soil, preferring a dry soil and a sunny position. It grows particularly well in loose, stony soils with some chalk and sand. Plants are tolerant of poor dry soils, though much bigger specimens are produced when the plants are growing in better conditions. Tolerates a pH in the range 4.8 to 8.3. Although an annual, the plant usually maintains itself by self-sowing, sometimes in quite a prolific manner, as long as the soil is disturbed by hoeing etc. Plants often develop mildew when growing in dry conditions or towards the end of the growing season. Flowers are a deeper blue when grown in poorer soils. The flowers are rich in a sweet nectar and are very attractive to bees.","Leaves - raw or cooked. They can be used as a pot-herb or be added to salads. They are also added whole as a flavouring to various drinks such as Pimms and wine-based drinks. The leaves are rich in potassium and calcium, they have a salty cucumber flavour. Very hairy, the whole leaves have an unpleasant feeling in the mouth and so they are best chopped up finely and added to other leaves when eaten in a salad. The leaves should always be used fresh, because they lose their flavour and colour if dried. Flowers - raw. They are used as a decorative garnish on salads and summer fruit drinks. The flowers are very nice, both to look at and to taste with a sweet slightly cucumber-like flavour. A refreshing tea is made from the leaves and/or the flowers. The dried stems are used for flavouring beverages. he seed yields 30% oil, 20% of which is gamma-linolenic acid. Unfortunately, the seed ripens intermittently over a period of time and falls from the plant when it is ripe, this makes harvesting the seeds in quantity very difficult. An edible blue dye can be obtained from the flowers. It is used to colour vinegar.","A blue dye is obtained from the flowers. This turns pink on contact with acids.","The growing plant is said to repel insects. The growing plant is a good companion for strawberries, tomatoes, courgettes and most other plants. It is said to deter Japanese beetle and tomato hornworms.","Seed - sow mid spring in situ. The plants quickly develop a stout tap-root and do not transplant successfully. The seed can also be sown in situ in the autumn, this will produce larger plants and earlier flowering. The plant usually self-sows prolifically."
Valerian (EN); Valeriana (IT);,Valeriana officinalis,Leaves; Roots,"Dry immediately after harvesting in a dry, well-ventilated place, taking care to separate the flowers from their calyxes beforehand","Dry thoroughly after washing, in the sun and in the open air, and store in glass containers in a cool, dry place",To regulate menstrual cycle;,https://www.gbif.org/species/2888763,2888763,https://temperate.theferns.info/viewtropical.php?id=Valeriana+officinalis,,"Littoral and inundated meadows, riverbanks, marshes, riparian forests, forest edges, scrub in gullies and steppe groves, mountains reaches to the subalpine zone, among rocks in subalpine meadows, juniper groves, dwarf birch thickets and Siberian pine",perennial,"A very easily grown plant, it succeeds in ordinary garden soil, preferring a rich heavy loam in a moist site. Thrives in full sun or in partial shade, doing well in light woodland. When grown for its medicinal root, the plant should not be allowed to flower. The flowers and the dried roots have a strong smell somewhat resembling stale perspiration. Cats are very fond of this plant, particularly the powdered root. Once a cat has discovered a plant they will often destroy it by constantly rolling over it. The dried root also attracts rats and can be used as a bait in traps. A good companion for most plants.","Seed. An essential oil from the leaves and root is used as a flavouring in ice cream, baked goods, condiments etc.  It is especially important in apple flavours. The leaves can also be used as a condiment. The plant is used in moderation as a herbal tea.","It is used in perfumery to provide a 'mossy' aroma,  though the scent is considered to be disagreeable by many people. The dried roots are also placed in linen cupboards and clothes drawers in order to scent the clothes. The dried root attracts rats and cats, it can be used as a bait to lure them away from other areas. An ingredient of 'QR' herbal compost activator. This is a dried and powdered mixture of several herbs that can be added to a compost heap in order to speed up bacterial activity and thus shorten the time needed to make the compost. The plant can also be used to make a very good liquid plant feed. It attracts earthworms. The leaves are very rich in phosphorus.",,"Seed - sow spring in a cold frame and only just cover the seed because it requires light for germination. Prick out the seedlings into individual pots when they are large enough to handle and plant out into their permanent positions in the summer if sufficient growth has been made. If the plants are too small to plant out, grow them on in the greenhouse or frame for their first winter and plant them out early in the following summer. Division in spring. Larger divisions can be planted out direct into their permanent positions. We have found that it is best to pot up smaller divisions and grow them on in light shade in a greenhouse or cold frame until they are growing away well. Plant them out in the summer or the following spring."
Red chickpea (EN); Ceci (IT);,Cicer arietinum,,,,To regulate menstrual cycle;,https://www.gbif.org/species/2947311,2947311,https://temperate.theferns.info/viewtropical.php?id=Cicer+arietinum,"he foliage and seedpods contain oxalic acid and can irritate the skin. Cooking will greatly reduce the oxalic acid content.",,annual,"lants are well-adapted to semi-arid areas with a rainfall of 650 - 1,000mm per year and are intolerant of heavy rain. They often do not succeed in mild moist maritime climates because the seedpods are hairy and this holds moisture. The moisture then encourages fungal growth and the seed usually rots before it is fully mature. Daytime temperatures in the range 18 - 26°c, plus a night time drop of around 8°c, are optimum. Plants become more tolerant of high temperatures in the latter stages of growth. Prefers a light well-drained fertile soil. Clay loams are generally suitable.  Requires a hot sunny position, tolerating drought once established.  Tolerates a pH in the range 6 to 9, succeeding in alkaline and saline conditions. This species has a symbiotic relationship with certain soil bacteria, these bacteria form nodules on the roots and fix atmospheric nitrogen. Some of this nitrogen is utilized by the growing plant but some can also be used by other plants growing nearby. When removing plant remains at the end of the growing season, it is best to only remove the aerial parts of the plant, leaving the roots in the ground to decay and release their nitrogen.","Seed - raw or cooked. The fresh or dried seed is cooked in soups, stews etc. It has a somewhat sweet flavour and a floury texture that is rather reminiscent of sweet chestnuts (Castanea sativa). The mature seed can also be sprouted and eaten raw. Parched seeds can be eaten as a snack. The seed can also be ground into a meal and used with cereal flours for making bread, cakes etc. The seed meal, mixed with sesame paste, yields the well-known appetizer 'hummus'. The seed is a good source of carbohydrates and protein. The roasted seed is a coffee substitute. The roasted root can also be used. Both the young seedpods and the young shoots are said to be edible but some caution is advised. See the notes above on toxicity. A refreshing drink can be made from the acid dew that collects on the hairy seedpods overnight.","A starch extracted from the seeds is suitable for textile sizing, giving a light finish to silk, wool and cotton clothes. The starch can also be used in the manufacturing of plywood. An indigo-like dye is obtained from chickpea leaves. The dried stems and roots are used as fuel for cooking.",,"Seed - sow mid spring in situ under cloches. Chick peas can germinate at lower temperatures than broad beans."
Bryonia dioica Jacq. (EN); Brionia (IT);,Bryonia dioica Jacq. ,Roots;,"Harvest in autumn or, preferably, in spring",Use the freshly picked plant,Amenorrhea;        ,https://www.gbif.org/species/6422396,6422396,https://temperate.theferns.info/viewtropical.php?id=Bryonia+dioica,"The root and fruit contain cucurbitacin and brydiofin. They can cause titanic convulsions, hypothermia and cramps.","Scrub and woodland, especially on well-drained soils, avoiding acid soils",perennial climber,"Young shoots - must be cooked.",,,,"Seed - best sown as soon as it is ripe in a cold frame. Sow stored seed in late winter in a cold frame. When large enough to handle, prick the seedlings out into individual pots and grow them on in the greenhouse for at least their first winter, planting them out into their permanent positions in late spring or early summer, after the last expected frosts. Division in early spring."
Capelvenere (IT); Southern maidenhair fern (EN);,Adiantum capillus-veneris,Leaves;,Harvest from June to September,Keep in closed containers in a dry place once it has been dried,To regulate menstrual cycle; Dysmenorrhea; Amenorrhea;        ,https://www.gbif.org/species/2651816,2651816,https://temperate.theferns.info/viewtropical.php?id=Adiantum+capillus-veneris,"Many ferns also contain thiaminase, an enzyme that robs the body of its vitamin B complex. In small quantities this enzyme will do no harm to people eating an adequate diet that is rich in vitamin B, though large quantities can cause severe health problems. The enzyme is destroyed by heat or thorough drying, so cooking the plant will remove the thiaminase.","Rock crevices, cliffs by the sea on basic rocks in damp positions. On limestone near running streams, bottom of limestone caves, cliffs wet with dripping water.",evergreen fern,"Its main requirement is moisture and so it is often found growing on wet rocks. Requires an abundance of moisture in the air and in the soil, hough the soil should be well-drained. Likes a position with plenty of light but dislikes full sun. Prefers a sheltered shady position. If the plant dries out temporarily it will lose most of its fronds, though it will usually resprout from the base. Members of this genus are rarely if ever troubled by browsing deer","The fronds are used as a garnish on sweet dishes. The dried fronds are used to make a tea. A syrup is made from the plant - it makes a refreshing summer drink. The fern is simmered in water for several hours and the liquid made into a thick syrup with sugar and orange water. It is then mixed with fruit juices to make a refreshing drink.","The leaves are used as a hair tonic and to make a shampoo that is used as a treatment for dandruff. The black, glossy stalks are worked into ornamental baskets and mats.","The growing plant is an indicator of calcareous soils","Spores - best sown as soon as ripe on the surface of a humus-rich sterilized soil. Keep the compost moist, preferably by putting a plastic bag over the pot. Germination should take place within 6 weeks. Pot on small clumps of plantlets as soon as they are large enough to handle and keep humid until they are well established. Do not plant outside until the ferns are at least 2 years old and then only in a very well sheltered position. Division in spring or autumn. Best carried out in early spring."
Gum arabic tree (EN); Gomma arabica (IT);,Acacia senegal Willd.,Rubber;,,,Metrorrhagia; Menorrhagia;,https://www.gbif.org/species/2978697,2978697,,,,,,,,,
Common bean (EN); Fagiolo (IT);,Phaseolus vulgaris ,Seeds;,Harvest whilst ripening,Remove the seeds from the pods and dry them in the sun. Then store them in bags or boxes,To regulate menstrual cycle;,https://www.gbif.org/species/5350452,5350452,https://temperate.theferns.info/viewtropical.php?id=Phaseolus+vulgaris,"Children eating just a few seeds have shown mild forms of poisoning with nausea and diarrhoea, though complete recovery took place in 12 - 24 hours. The toxins play a role in protecting the plant from insect predation.","Usually in drier localities of desert to thorny shrub, hillsides or steep slopes ín open pine-oak forests, growing in and over shrubs and brush.often at edges of thickets, trails, and over stone walls.",perennial,"A temperature in the range 19 - 27°c is preferred - above 30°c many flowers will abort and above 35°c seed is rarely produced. Climbing forms of the plant can succeed in areas of high rainfall, but dwarf forms appear to be more sensitive to high soil moisture levels. Heavy rain adversely affects fertilization.  Plants require a dry season in order to mature the seed. Requires a warm sunny position in a rich well-drained preferably light soil with plenty of moisture in the growing season. Dislikes heavy, wet or acid soils. Grows well in moderately heavy loam soils so long as they are well drained. Prefers a pH in the range 5.5 to 6.5. Immature pods of the dwarf forms can be harvested in about 40 - 60 days from sowing (70 - 90 days for climbing forms) whilst total yields of pods can reach 3 - 5 tonnes per hectare from the dwarf forms (4 - 6 tonnes from the climbing forms). When grown for their edible pods, the immature pods should be harvested regularly in order to promote extra flower production and therefore higher yields. Yields of green pods averages about 3kg per square metre, though double this can be achieved. Grow well with strawberries, carrots, cauliflowers, cucumbers, cabbage, beet, leek and celeriac. They are inhibited by alliums and fennel growing nearby. This species has a symbiotic relationship with certain soil bacteria, these bacteria form nodules on the roots and fix atmospheric nitrogen. Some of this nitrogen is utilized by the growing plant but some can also be used by other plants growing nearby. When removing plant remains at the end of the growing season, it is best to only remove the aerial parts of the plant, leaving the roots in the ground to decay and release their nitrogen.","Immature seedpods - raw or cooked. The green pods are commonly used as a vegetable, they have a mild flavour and should only be cooked for a short time. The pods are up to 20cm long and 15mm wide. When growing the plant for its seedpods, be sure to pick them whilst they are still small and tender. This will ensure the continued production of more pods by the plant. Flowering is reduced once the seeds begin to form inside the pods. The immature seeds are boiled or steamed and used as a vegetable. The mature seeds are dried and stored for future use. They must be thoroughly cooked before being eaten and are best soaked in water for about 12 hours prior to this. They can be boiled, baked, pureed, ground into a powder or fermented into 'tempeh' etc. The powdered seed makes a protein-enriching additive to flour, it can also be used in soups etc. The seed can also be sprouted and used in salads or cooked. The seed can be 7 - 16mm long. The roasted seeds have been used as a coffee substitute. Young leaves - raw or cooked as a potherb. The very young leaves are sometimes eaten as a salad, the older leaves are cooked.","A brown dye is obtained from red kidney beans. The plant contains phaseolin, which has fungicidal activity. Water from the cooked beans is very effective in reviving woollen fabric. The plant residue remaining after harvesting the dried beans is a source of biomass.",,"Pre-soak the seed for 12 hours in warm water and sow in mid spring in a greenhouse. Germination should take place within 10 days. When they are large enough to handle, prick the seedlings out into individual pots and plant them out after the last expected frosts. The seed can also be sown in situ in late spring though it may not ripen its seed in a cool summer."
St John’s wort (EN); Erba di San Giovanni (IT);,Hypericum perforatum,Leaves;,,,To regulate menstrual cycle; Dysmenorrhea;       ,https://www.gbif.org/species/3189486,3189486,https://temperate.theferns.info/viewtropical.php?id=Hypericum+perforatum,"Skin contact with the sap, or ingestion of the plant, can cause photosensitivity in some people","Open woods, hedgebanks and grassland, in dry sunny places, usually on calcareous soils.",perennial,"Easily grown in any reasonably good well-drained but moisture retentive soil. Succeeds in dry soils. Plants grow well in sun or semi-shade but they flower better when in a sunny position. St. John's wort is often found as a weed in the garden. It grows well in the summer meadow and is a useful plant for attracting insects. The whole plant, especially when in bloom, gives off a most unpleasant smell when handled.","The herb and the fruit are sometimes used as a tea substitute. The flowers can be used in making mead.","Yellow, gold and brown dyes are obtained from the flowers and leaves. A red is obtained from the flowers after acidification. A red dye is obtained from the whole plant when infused in oil or alcohol. A yellow is obtained when it is infused in water. The plant is said to contain good quantities of tannin, though exact figures are not available.",,"Seed - sow in a greenhouse as soon as it is ripe in the autumn or in the spring. It normally germinates in 1 - 3 months at 10°c. Prick out the seedlings into individual pots when they are large enough to handle and plant them out into their permanent positions in the summer. Division in spring or autumn. Very easy, larger clumps can be replanted direct into their permanent positions, though it is best to pot up smaller clumps and grow them on in a cold frame until they are rooting well. Plant them out in the spring."
Walnut (EN); Noce (IT);,Juglans regia,Leaves; Husks;,"The leaves can be harvested in late summer. The husk, when the fruit is harvested",Dry the leaves in the shade and store them in paper or wooden containers. The husks should be sun-dried and stored away from moisture and dust,Menorrhagia;,https://www.gbif.org/species/3054368,3054368,https://temperate.theferns.info/viewtropical.php?id=Juglans+regia,,,dedicious tree,"Juglans regia is reported to tolerate an annual precipitation of 31 to 147cm, an annual temperature in the range of 7.0 to 21.1°C and a pH in the range of 4.5 to 8.2. The dormant plant is very cold tolerant, tolerating temperatures down to about -27°C without serious damage, but the young spring growth is rather tender and can be damaged by late frosts. Some late-leafing cultivars have been developed, these often avoid damage from spring frosts and can produce a better quality timber tree. Requires a deep well-drained loam and a sunny position sheltered from strong winds. Prefers a slightly alkaline heavy loam but succeeds in most soils. The walnut tree is frequently cultivated for its edible seed in temperate zones of the world, there are many named varieties. Plants produce a deep taproot and they are intolerant of root disturbance. Seedlings should be planted out into their permanent positions as soon as possible and given some protection for their first winter or two since they are somewhat tender when young. Flower initiation depends upon suitable conditions in the previous summer. The flowers and young growths can be destroyed by even short periods down to -2°c, but fortunately plants are usually late coming into leaf. Some cultivars are self-fertile, though it is generally best to grow at least two different cultivars to assist in cross-pollination. Any pruning should only be carried out in late summer to early autumn or when the plant is fully dormant otherwise wounds will bleed profusely and this will severely weaken the tree. Plants produce chemicals which can inhibit the growth of other plants. These chemicals are dissolved out of the leaves when it rains and are washed down to the ground below, reducing the growth of plants under the tree. Trees have a dense canopy which tends to reduce plant growth below them. All in all, not the best of companion trees, it is also suggested that the trees do not like growing together in clumps. Trees are said to inhibit the growth of potatoes and tomatoes. This species is notably susceptible to honey fungus. The bruised leaves have a pleasant sweet though resinous smell.","Seed - eaten raw or used in confections, cakes, ice cream etc.  A delicious flavour. The seed can also be ground into a meal and used as a flavouring in sweet and savoury dishes. Whole walnuts and walnut products (such as walnut flour) are of high popularity as a health food as they contain an antioxidants and antimutagenics and as a super food due to high protein content. The unripe fruits are pickled in vinegar. An edible oil is obtained from the seed, it should not be stored for any length of time since it tends to go rancid quickly. The oil has a pleasant flavour and is used in salads or for cooking. The sap is tapped in spring and used to make a sugar. The leaves are used as a tea.","A yellow dye is obtained from the green husks. The rind of unripe fruits is a good source of tannin. A brown dye is obtained from the leaves and mature husks. It does not require a mordant and turns black if prepared in an iron pot. The dye is often used as a colouring and tonic for dark hair. The leaves and the husks can be dried for later use. A golden-brown dye is obtained from the catkins in early summer. It does not require a mordant. A drying oil is obtained from the seed. It is used in soap making, paints, etc. It is not very stable and quickly goes rancid. The nuts can be used as a wood polish. Simply crack open the shell and rub the kernel into the wood to release the oils. Wipe off with a clean cloth. The dried fruit rind is used to paint doors, window frames etc. The shells may be used as anti-skid agents for tyres, blasting grit, and in the preparation of activated carbon. The leaves contain juglone, this has been shown to have pesticidal and herbicidal properties. The crushed leaves are an insect repellent. Juglone is also secreted from the roots of the tree, it has an inhibitory effect on the growth of many other plants. Bark of the tree and the fruit rind are dried and used as a tooth cleaner. They can also be used fresh. Wood - heavy, hard, durable, close grained, seasons and polishes well. A very valuable timber tree, it is used for furniture making, craft pieces, veneer etc.",,"The seed is best sown as soon as it is ripe in individual deep pots in a cold frame. You need to protect it from mice, birds, squirrels etc. The seed usually germinates in late winter or the spring. Plant out the seedlings into their permanent positions in early summer and give some protection from the cold for their first winter or two. The seed can also be stored in cool moist conditions (such s the salad compartment of a fridge) over the winter and sown in early spring but it may then require a period of cold stratification before it will germinate. Named varieties are propagated by budding."
Lavender (EN); Lavanda (IT);,Lavandula angustifolia Mill.,,"Pick the flower heads early in the morning when the sun is out, during the summer","Dry in bunches hung up, away from light, and store in airtight containers",To regulate menstrual cycle;,https://www.gbif.org/species/2927305,2927305,https://temperate.theferns.info/viewtropical.php?id=Lavandula+angustifolia,,"Dry grassy slopes amongst rocks, in exposed, usually parched, hot rocky situations often on calcareous soils.",evergreen shrub,"A moderately cold-hardy plant, being able to tolerate temperatures down to between -10 and -15°c. Succeeds in almost any soil so long as it is well-drained and not too acid. Prefers a sunny position in a neutral to alkaline soil. Prefers a light warm dry soil. When grown in rich soils the plants tend to produce more leaves but less essential oils. Established plants are drought tolerant. Plants are very tolerant of salt wind exposure. When growing for maximum essential oil content, the plant must be given a very warm sunny position and will do best in a light sandy soil, the fragrance being especially pronounced in a chalky soil. Lavender is a very ornamental plant that is often grown in the herb garden and is also grown commercially for its essential oil, though many of the commercial varieties are results of hybridisation with Lavendula latifolia. Not a very long-lived plant, it can be trimmed to keep it tidy but is probably best replaced every 10 years. Any trimming is best done in spring and should not be done in the autumn since this can encourage new growth that will not be very cold-hardy.","Leaves, petals and flowering tips - raw. Used as a condiment in salads, soups, stews etc. They provide a very aromatic flavour and are too strong to be used in any quantity. The fresh or dried flowers are used as a tea. The fresh flowers are also crystallized or added to jams, ice-creams, vinegars etc as a flavouring. An essential oil from the flowers is used as a food flavouring.","The essential oil that is obtained from the flowers is of very high quality, it is colourless, sweet and free from camphor. Considered to be the finest quality lavender essential oil, it is exquisitely scented and has a very wide range of applications, both in the home and commercially. It is more expensive to produce than lavandin oil from Lavandula x intermedia, so its use is often reserved for making higher quality products including perfumes, colognes and cosmetic products such as lotions. It is also used as a detergent and cleaning agent, a food flavouring etc and as an insect repellent. The essential oil is an effective inhibitor of hydrochloric acid corrosion when coated over steel. When growing the plant for its essential oil content, it is best to harvest the flowering stems as soon as the flowers have faded. The aromatic leaves and flowers are used in pot-pourri and as an insect repellent in the linen cupboard etc. They have been used in the past as a strewing herb in order to impart a sweet smell to rooms and to deter insects. The leaves are also added to bath water for their fragrance and therapeutic properties. They are also said to repel mice. The flowering stems, once the flowers have been removed for use in pot-pourri etc, can be tied in small bundles and burnt as incense sticks.","Lavender can be grown as a low hedge, responding well to trimming. There are several varieties, such as 'Hidcote Variety', 'Loddon Pink' and 'Folgate Blue' that are suitable for using as dwarf hedges 30 - 50cm tall. A good bee plant, also attracting butterflies and moths. Lavender makes a good companion for most plants, growing especially well with cabbages.","Seed - sow spring in a greenhouse and only just cover the seed. It usually germinates in 1 - 3 months at 15°c. When large enough to handle, prick the seedlings out into individual pots and grow them on in the greenhouse or cold frame for their first winter, planting them out in late spring after the last expected frosts. Cuttings of half-ripe wood 7 - 10cm with a heel, mid summer in a frame. Usually very easy, a high percentage will root within a few weeks. Grow them on in the greenhouse for their first winter and plant them out in late spring after the last expected frosts. Cuttings 7cm with a heel succeed at almost any time of the year. Layering."
Common horehound (EN); Marrubbio (IT);,Marrubium vulgare,Leaves; Flowering tops;,Harvest at the start of flowering (spring–summer),"Dry in a cool, well-ventilated and dry place, tied in bunches, and store in paper bags to protect them from moisture",To regulate menstrual cycle;,https://www.gbif.org/species/2927069,2927069,https://temperate.theferns.info/viewtropical.php?id=Marrubium+vulgare,,,perennial,"A very cold-hardy plant, able to tolerate temperatures down to around -35°c when fully dormant. White horehound is an easily grown plant that succeeds in most well-drained soils, though it flourishes best in a poor dry soil.  Another report says that the plant flourishes best where there is plenty of nitrogen in the soil. It prefers neutral to alkaline soil conditions  and requires a warm sunny position if it is to do well. Often grown in the herb garden and sometimes cultivated commercially as a medicinal herb. If the plant is cut back after flowering it will normally produce a second crop of leaves. The fresh leaves have a pronounced musky smell, though this is lost once the plant is dried. A good bee plant.","The leaves are used as a seasoning. Bitter and pungent, they are sometimes used to flavour herb beer or liqueurs. Horehound ale is a fairly well-known drink made from the leaves. A mild pleasantly flavoured tea is made from the fresh or dried leaves,  it is a favourite cough remedy.","An essential oil is obtained from the plant and used as a flavouring in liqueurs. The plant has been used as a cure for cankerworm in trees. The growing plant repels flies.","White horehound is a good companion plant for growing near tomatoes. The tomatoes crop for a longer period and also produce a heavier crop.","Seed - sow mid spring or mid summer to early autumn in a cold frame. Germination can be slow and erratic. Prick out the seedlings into individual pots when they are large enough to handle and plant them out in the following spring. Basal cuttings in late spring. Harvest the shoots with plenty of underground stem when they are about 8 - 10cm above the ground. Pot them up into individual pots and keep them in light shade in a cold frame or greenhouse until they are rooting well. Plant them out in the summer. Division in spring. Larger clumps can be replanted direct into their permanent positions, though it is best to pot up smaller clumps and grow them on in a cold frame until they are rooting well. Plant them out in the spring."
Wild marjoram (EN); Origano (IT);,Origanum vulgare,,"Harvest during the summer, once the plant has finished flowering","Dry in the shade and in the open air, and store in airtight containers",Amenorrhea;        ,https://www.gbif.org/species/2926612,2926612,https://temperate.theferns.info/viewtropical.php?id=Origanum+vulgare,,"Dry grassy areas and scrub, usually on calcareous soils",perennial,"Requires a rather dry, warm, well-drained soil in full sun, but is not fussy as to soil type, thriving on chalk. Prefers slightly alkaline conditions. Tolerates poor soils. Dislikes wet soils. Hardy to about -20°c. Oregano has a long history of culinary and medicinal use and is often cultivated in modern gardens as a culinary herb, there are some named varieties. Plants growing near the sea have the most fragrance. A good companion plant, improving the flavour of nearby plants. The flowers are very attractive to bees and butterflies. A good companion for the cucumber family,  it is beneficial to all nearby plants. The whole plant has a sweet yet slightly peppery aroma. Members of this genus are rarely if ever troubled by browsing deer.","Leaves - raw or cooked as a potherb.  Oregano is an important flavouring herb in Mediterranean cookery, and is often used dried rather than fresh.  The leaves are used as a flavouring for salad dressings, vegetables and legumes, and are frequently included in strongly flavoured dishes with chillies, garlic, onions etc. A nutritional analysis is available. Much of the commercially available dried oregano does not come from this plant but from a number of different, often unrelated plants. These include Lippia graveolens, L. palmeri and Origanum syriacum. A herb tea is made from the dried leaves and flowering stems.","An essential oil from the plant is used as a food flavouring, in soaps and perfumery. The herb contains 0.15 - 0.4% essential oil and makes good herbal pillows and baths. The plant was formerly used as a strewing herb. The essential oil has also been used to kill lice, though some caution is advised since it can cause skin irritations. A red or purple dye is obtained from the flowering tops, it is neither brilliant nor durable. The plant repels ants. The growing plant repels many insect pests so it is a good plant to grow in the vegetable area. A useful ground cover for sunny positions, forming a slowly spreading clump. Plants should be spaced about 30cm apart each way.",,"Seed - sow early spring at 10 - 13°c and only just cover the seed. Germination usually takes place within 2 weeks. Prick out the seedlings into individual pots when they are large enough to handle and plant them out into their permanent positions in early summer. The seed can also be sown in situ in late spring. Division in early spring or early autumn. Very easy, larger divisions can be planted out direct into their permanent positions. We have found that it is better to pot up the smaller divisions and grow them on in light shade in a cold frame until they are well established before planting them out in late spring or early summer. Basal cuttings of young barren shoots in early summer. Very easy. Harvest the shoots with plenty of underground stem when they are about 8 - 10cm above the ground. Pot them up into individual pots and keep them in light shade in a cold frame or greenhouse until they are rooting well. Plant them out in the summer."
Vitex (EN); Agnocasto (IT);,Vitex agnus-castus,Flowers;,,,Amenorrhea;        ,https://www.gbif.org/species/2925562,2925562,https://temperate.theferns.info/viewtropical.php?id=Vitex+agnus-castus,,"Damp places by streams and on the littoral",dedicious shrub,"Prefers a light well-drained loamy soil in a warm sunny position sheltered from cold drying winds. Succeeds in dry soils. Intolerant of water-logging. Plants only flower freely in a warm summer, so they are best grown against a sunny wall even in areas of the country where they are hardy. The plants failed to open their flowers on our Cornish trial ground even after a very hot summer. The flowers are produced so late in the season that they are unlikely to produce viable seed in this country even if they flower properly. The whole plant is aromatic, the leaves and stems are strongly aromatic, the flowers are deliciously scented and the dried seeds have a pungent lemony perfume. Flowers are produced at the ends of the current year's growth. Any pruning is best carried out in the spring and should consist of cutting out dead wood and shortening last year's flowering branches.","The fruit is used as a condiment, it is a pepper substitute. The aromatic leaves are also used as a spice. This plant forms one of the ingredients of the legendary Moroccan spice mixture 'ras el hanout'.",,,"Seed - sow early spring in a warm greenhouse. The seed does not need pre-treatment. Germination is usually free and quick. Prick out the seedlings into individual pots when they are large enough to handle and grow them on in the greenhouse for their first winter. Plant them out into their permanent positions in early summer of the following year. Cuttings of half-ripe wood, 5 - 8cm with a heel, mid summer in a frame. Good percentage. Cuttings of mature wood of the current seasons growth, late autumn in a cold frame."
Giant reed (EN); Canna (IT);,Arundo donax,Roots;,,,To regulate menstrual cycle; Amenorrhea;        ,https://www.gbif.org/species/2703041,2703041,https://temperate.theferns.info/viewtropical.php?id=Arundo+donax,,"Ditches, riversides and marshland. Often found on sand dunes near seashores.",evergreen perennial,"The plant is reported to tolerate annual precipitation in the range of 300 - 4,000mm, an average annual temperature range of 9 - 28.5°c. Prefers a moist fertile soil in a sunny sheltered position, preferably by water.  Said to tolerate all types of soils, from heavy clays to loose sands and gravelly soils. It tolerates some salt. Tolerates a pH in the range 5.0 to 8.7. t grows best along river banks and in other wet places, and is best developed in poor sandy soil and in sunny situations. Plants can be grown as a specimen in lawns etc, succeeding in quite coarse grass. Extensively cultivated in S. Europe for basket making etc.","Rhizome - raw or cooked. The rhizome can be dried and ground into a powder to make bread, usually in conjunction with cereal flours.  It can also be roasted or boiled. Leaves - cooked as a potherb. They are very bitter. The young shoots are used.","Brooms are made from the terminal panicles. The leaves can be woven into mats etc, whilst the split and flattened stems are used to make screens, walls of houses etc. A yellow dye is obtained from the pollen. The stems of the plant have a multitude of applications. They are used as plant supports for vines and other climbing plants and to make clarinets, bag-pipes etc. They are also used as pipe stems for roofing, to make screens, walking sticks and in basketry. They are used to make the reeds of clarinets and organ pipes. The stems can be harvested as desired at any time of the year. The fibre from the stems can be used to make a high quality paper.",,"Seed - surface sow in a greenhouse in late winter to mid spring. Stand the pots in about 3cm of water to keep the soil moist until the seed germinates. It usually germinates in 1 - 3 months at 15°c. When large enough to handle, prick the seedlings out into individual pots and grow them on in the greenhouse for at least their first winter. Once they are 20cm or more tall, plant them out into their permanent positions in late spring or early summer. Division in spring. Whilst large divisions can be planted out direct into their permanent positions, we have found that it is best to pot the divisions up and keep them in light shade in a greenhouse until they are rooting away well. Stem cuttings, placed in water, root easily."
Bermuda grass (EN); Gramigna (IT);,Cynodon dactylon,Leaves; Roots;,"Uproot the rhizome at any time of year, except in winter","Clean the rhizomes, dry them in the sun and store them in wooden containers, protected from woodworm and air. Replace them frequently as they spoil easily",Amenorrhea;        ,https://www.gbif.org/species/6109637,6109637,https://temperate.theferns.info/viewtropical.php?id=Cynodon+dactylon,"Bermuda grass is reported to be photosensitizing in animals. Under certain environmental conditions the plant can produce hydrocyanic acid and so is potentially toxic to livestock. The plant is also said to cause contact dermatitis and, with its high production of pollen, can be a major cause of hayfever.","Along roadsides and in exposed rocky or sandy sites. It sometimes forms dense mats on the upper parts of beaches and near mangrove swamps.",evergreen perennial,"It grows best where mean daily temperatures are above 24°c. Temperatures of -2 to -3°c usually kill the leaves and stems back to the ground, but the rhizomes survive these temperatures and regrowth is rapid when the weather warms up.  Plants can survive short periods with temperatures falling to about -10°c. Bermuda grass is reported to tolerate an annual precipitation of 90 - 4,290mm, though it is generally found in the tropics in areas where the mean annual rainfall is in the range 600 - 1,800mm. Prefers a warm sunny position in a well-drained soil. The plant can grow in very diverse conditions of soil and moisture, withstanding drought well and also tending to eliminate other plants. It spreads quite rapidly, rooting at the nodes, becoming difficult to eradicate and can be a serious weed in cultivated land. Tolerant of a broad soil pH range from 4.3 - 8.4, but grows best with a soil pH above 5.5. Is reported to tolerate alkali soil conditions, disease, drought, frost, grazing, herbicide, heavy metal, heavy soil, insects, laterite, nematodes, peat, poor soil, salt, sand, atmospheric pollution, ultraviolet, virus, water-logging and weeds. It is unproductive in poor dry soils and is best adapted to relatively fertile, well-drained soils with a pH of 6.0-7.0, in humid areas. Plants withstand long periods of drought, as they produce little growth in dry weather. Plants vary greatly in habit according to soil and climate, and occur in several natural strains which differ widely in size, colour (bright, yellow-green to dull blue-green), texture of stars and leaves, size of spikes, and grazing value. Most varieties are poor seeders and are propagated by their creeping stem. Bermudagrass can form dense cover in almost pure stands, practically anywhere. Abundant as a weed along roadsides, in lawns, on sandy wastes, along sand dunes, and readily takes possession of any uncultivated area.","Young leaves. A cooling drink is made from the leaves.",,"Plants are sometimes grown as a cover for warm sunny banks and are sometimes used for lawns. They stay green even in hot and dry weather. Plants spread rapidly by means of both stolons and rhizomes, they give complete ground cover in 4 - 8 weeks when planted 30 - 45cm apart. They succeed on most soil types and requires very little mowing on poor soils. Valuable as a ground cover to bind the soil and prevent erosion due to its long runners that root at the nodes.","Seed - sow spring in a greenhouse and only just cover the seed. Germination should take place within 2 weeks. Prick out the seedlings into individual pots when they are large enough to handle, and grow them on in the greenhouse for their first winter. Plant out into their permanent positions in late spring. There are almost 4,000,000 seeds per kilo. Division in late spring. Very simple, plants can be propagated easily from rooted sideshoots, establishing quickly when planted straight into the soil."
Burning bush (EN); Dittamo (IT);,Dictamnus albus,Leaves;,,,Amenorrhea; Dysmenorrhea;        ,https://www.gbif.org/species/5421338,5421338,https://temperate.theferns.info/viewtropical.php?id=Dictamnus+albus,,"Woodland margins and rocky scree, mainly on calcareous soils",perennial,"An easily grown plant, succeeding in ordinary garden soil. It prefers a dry sunny position with some lime and is not suitable for heavy or damp soils. Established plants are drought tolerant. The whole plant contains a very aromatic essential oil, giving out a scent somewhat like lemon peel. When the plant is bruised, this smell becomes more like fine balsam. This essential oil is emitted from the plant in hot weather and, on a still day, can be ignited and will burn for a second or two without harming the plant, thus giving the plant its common name. Slugs are strongly attracted to this plant and can destroy it by eating all the young growth in spring. The flowers are very attractive to bees.","A lemon-scented tea is made from the dried leaves. Refreshing and aromatic.","The plant contains an essential oil. Yields from the fresh flowering plant are around 3% on a dry weight basis. This oil is used as a cosmetic",,"Seed - best sown in a cold frame as soon as it is ripe. Cold stratify stored seed for 6 weeks and sow in the spring in a cold frame. The seed usually germinates in 1 - 6 months at 15°c. As soon as they are large enough to handle, prick the seedlings out into individual pots and grow them on in the greenhouse for at least their first winter. Plant them out into their permanent positions in late spring or early summer, after the last expected frosts. Division in spring. Take care since the plant resents root disturbance. The plant can also be divided in autumn. We have found it best to tease out divisions from the side of the clump to avoid the need to dig up the main clump. Try to get divisions that already have formed roots. Pot them up in a greenhouse and grow them on for a year to make sure they are well established before planting them out. Root cuttings in late autumn."
Rue (EN); Ruta (IT);,Ruta graveolens,Leaves; Flowering tops;,Harvest just before flowering,Dry in the shade and store in paper or cloth bags,Amenorrhea;        ,https://www.gbif.org/species/3190382,3190382,https://temperate.theferns.info/viewtropical.php?id=Ruta+graveolens,"The sap contains furanocoumarins, sensitizing the skin to light and causing blistering or dermatitis in sensitive people","Rocks, old walls and dry hills, mainly on limestone.",evergreen shrub,"Succeeds in any soil but is hardier in a poor dry soil. Prefers an open sunny position. Prefers a partially shaded sheltered dry position but succeeds in full sun.  Prefers a well-drained or rocky soil. Likes some lime in the soil. Established plants are drought tolerant. Hardy to about -10°c, possibly to lower temperatures when it is grown in a dry soil. The bruised leaves have a pleasant orange-like fragrance. It is one of the most pleasant herbs to inhale. Rue releases its scent in a remarkable way. The essential oil is contained in a cavity immediately beneath the surface of the leaf, above which is a thin layer of cells pierced by a cavity in the middle. The cells swell up and bend inwards, pressing on the essential oil beneath, which is driven to the surface of the leaf and there released. Rue is a poor companion plant for many other species, growing badly with sage, cabbage and sweet basil. It is a good companion for roses and raspberries. Plants in this genus are notably resistant to honey fungus.","Leaves - raw or used as a seasoning.  It is occasionally eaten in salads, but is strongly aromatic and slightly toxic, so should only be used in small quantities.  The taste is strong and bitter. The leaves contain rutin, which has a beneficial effect upon the circulatory system. The leaves can be brewed into a tea.","The growing or the dried plant can be used to repel insects, it is most useful when the plant is grown near roses and raspberries. The dried herb can also be put in the linen cupboard to repel moths. The growing plant is also said to repel cats. A red dye is obtained from the plant. An essential oil is obtained from the leaves and young shoots, it is used in perfumery and as a food flavouring. The plant was formerly used as a strewing herb. Plants can be grown for ground cover when planted about 45cm apart each way. They can be trimmed back in spring to keep them bushy.",,"Seed - best sown as soon as it is ripe in a cold frame, it can also be sown in early to mid spring in a cold frame. When they are large enough to handle, prick the seedlings out into individual pots and grow them on in the greenhouse for their first winter. Plant them out into their permanent positions in late spring or early summer, after the last expected frosts. Cuttings of young shoots in late spring. Cuttings of half-ripe wood, mid summer in a frame. Very easy. Layering in early summer. Old plants often self-layer."
Black nightshade (EN); Morella (IT);,Solanum nigrum,Leaves;,,,,https://www.gbif.org/species/9150405,9150405,https://temperate.theferns.info/viewtropical.php?id=Solanum+nigrum,"The unripe fruit contains the highest concentration of toxins. Toxicity can vary considerably according to where the plant is grown and the cultivar that is being grown.","Uncultivated and waste land. It is a common garden weed.",annual,". It grows best in areas where annual daytime temperatures are within the range 21 - 28°c, but can tolerate 8 - 40°c. It prefers a mean annual rainfall in the range 1,000 - 1,600mm, but tolerates 500 - 2,700mm. Grows best in full sun, but plants tolerate a reasonable level of shade. An easily grown plant, it succeeds in most soils, growing best when there is a high content of organic matter in the soil. Intolerant of dry conditions according to one report,  whilst another says that they are very tolerant of dry soils. Prefers a pH in the range 6.5 - 7.5, tolerating 4.3 - 8.5. A first harvest of the leaves can take place about 2 - 3 months after sowing the seed. Caterpillars and slugs are particularly fond of this plant and can totally destroy it. Grows well with clover. Does not grow well with wormwood or white mustard and, when these plants are growing close to S. Nigra, they increase its content of toxic alkaloids.","Fruit - cooked. Used in preserves, jams and pies. A pleasant musky taste. Somewhat like a tomato, but much less pleasant, it improves slightly after a frost. Only the fully ripe fruits should be used, the unripe fruits contain the toxin solanine. Young leaves and new shoots - raw or cooked as a potherb or added to soups.","This species has been found to be effective in removing Polychlorinated biphenyls (PCB's) from the soil and detoxifying them. The plant is more effective in doing this if it is infected with the bacterial parasite Agrobacterium tumefaciens.",,"Seed - sow spring in situ. The seed can also be sown in a greenhouse during the spring if required. Prick out the seedlings into individual pots when they are large enough to handle and plant out in late spring."
Common nettle (EN); Ortica (IT);,Urtica dioica,Leaves; Roots; ,The roots should be harvested at the end of summer. The aerial parts are harvested from spring to autumn,"Dry the plant in the shade and store it in boxes or crates, protected from damp and dust. The roots should be dried in the sun and stored in canvas bags",Metrorrhagia; Menorrhagia;,https://www.gbif.org/species/7960979,7960979,https://temperate.theferns.info/viewtropical.php?id=Urtica+dioica,"The leaves of the plants have stinging hairs, causing irritation to the skin. This action is neutralized by heat or by thorough drying, so the cooked leaves are perfectly safe and nutritious. However, only young leaves should be used because older leaves develop gritty particles called cystoliths which act as an irritant to the kidneys.","Waste ground, hedgerows, woods etc, preferring a rich soil and avoiding acid soils.",perennial,"The plant grows best in areas where annual daytime temperatures are within the range 12 - 22°c, but can tolerate 8 - 28°c. When dormant, the plant can survive temperatures down to about -25°c. It prefers a mean annual rainfall in the range 600 - 2,000mm, but tolerates 450 - 2,400mm. Grows best in full sun, but can tolerate fairly high levels of shade. Prefers a soil rich in phosphates and nitrogen. Plants must be grown in a deep rich soil if good quality fibre is required. Prefers a pH in the range 7 - 8.5, tolerating 6.5 - 9. These figures for pH do not seem correct - we have grown very healthy nettles on soils with a pH lower than 6. A dioecious plant, both male and female forms must be grown if seed is required.","Young leaves - cooked as a potherb and added to soups etc. They can also be dried for winter use. Nettles are a very valuable addition to the diet, , they are a very nutritious food that is easily digested and is high in minerals (especially iron) and vitamins (especially A and C).  Only use young leaves (see the notes above on toxicity) and wear stout gloves when harvesting them to prevent being stung. Cooking the leaves, or thoroughly drying them, neutralizes the sting, rendering the leaf safe to eat. The young shoots, harvested in the spring when 15 - 20cm long complete with the underground stem are very nice. Old leaves can be laxative. The plants are harvested commercially for extraction of the chlorophyll, which is used as a green colouring agent (E140) in foods and medicines. A tea is made from the dried leaves, it is warming on a winters day. A bland flavour, it can be added as a tonic to China tea. The juice of the leaves, or a decoction of the herb, can be used as a rennet substitute in curdling plant milks. Nettle beer is brewed from the young shoots.","A strong flax-like fibre is obtained from the stems. Used for making string and cloth,  it also makes a good quality paper.  It is harvested as the plant begins to die down in early autumn and is retted before the fibres are extracted. The fibre is produced in less abundance than from flax (Linun usitatissimum) and is also more difficult to extract. The plant matter left over after the fibres have been extracted are a good source of biomass and have been used in the manufacture of sugar, starch, protein and ethyl alcohol. The water extracts of nettle can be used successfully to control angular leaf-spot of cucumber by 32-66%. Although many different species of insects feed on nettles, flies are repelled by the plant so a bunch of freshly cut stems has been used as a repellent in food cupboards. The juice of the plant, or a decoction formed by boiling the herb in a strong solution of salt, will curdle milks and thus acts as a rennet substitute.  This same juice, if rubbed into small seams of leaky wooden tubs, will coagulate and make the tub watertight again. A hair wash is made from the infused leaves and this is used as a tonic and antidandruff treatment. A beautiful and permanent green dye is obtained from a decoction of the leaves and stems. A yellow dye is obtained from the root when boiled with alum.","A good companion plant to grow in the orchard and amongst soft fruit. So long as it is not allowed to totally over-run the plants, it seems to improve the health of soft fruit that grows nearby and also to protect the fruit from birds, but it can make harvesting very difficult. The growing plant increases the essential oil content of other nearby plants, thus making them more resistant to insect pests. A very important plant for wildlife. There are at least 30 species of insects that feed on it and the caterpillars of several lepidoptera species are dependant upon it for food. An essential ingredient of 'QR' herbal compost activator. This is a dried and powdered mixture of several herbs that can be added to a compost heap in order to speed up bacterial activity and thus shorten the time needed to make the compost. The leaves are also an excellent addition to the compost heap and they can be soaked for 7 - 21 days in water to make a very nutritious liquid feed for plants. This liquid feed is both insect repellent and a good foliar feed.","Seed - sow spring in a cold frame, only just covering the seed. Prick out the seedlings into individual pots when they are large enough to handle, and plant them out in the summer. Division succeeds at almost any time in the growing season. Very easy, plant them straight out into their permanent positions."
Field maple (EN); Acero (IT);,Acer campestre,Bark;,,,To regulate menstrual cycle; Dysmenorrhea;       ,https://www.gbif.org/species/3189863,3189863,https://temperate.theferns.info/viewtropical.php?id=Acer+campestre,,"Open deciduous woods, hedgerows and scrub, usually on basic soils.",dedicious tree,"Acer campestre is a very cold-hardy plant, able to tolerate temperatures down to around -30°c when dormant. Of easy cultivation, it prefers a good moist well-drained soil in a sunny position but tolerates some shade. Does well on chalky soils, tolerating a pH as high as 8, but becoming a shrub in such conditions. Does not thrive in soils with a pH much below 6. Grows well in heavy clay soils. Tolerates atmospheric pollution. Growth is fast once the trees are established, but this later slows down and trees take about 50 years to reach maturity. The best sap production comes from cold-winter areas with continental climates. The tree trunk is tapped in the early spring, the sap flowing better on warm sunny days following a frost. The field maple is a bad companion plant, inhibiting the growth of nearby plants. A good bee plant. This species has often been coppiced in the past for its wood. Trees produce seed in about 10 years from sowing.","The sap contains a certain amount of sugar and can either be used as a drink, or can be concentrated into a syrup by boiling off the water. The concentration of sugar is considerably lower than in the sugar maples (A. saccharum). The syrup can be used as a sweetener on many foods.","Wood - fine-grained, tough, elastic, hard to split, takes a high polish and is seldom attacked by insects. Trees are seldom large enough to supply much usable timber, but when available it is much valued by cabinet makers. It is also used for cups bowls etc.  The wood of the roots is often knotted and is valued for small objects of cabinet work. The wood is an excellent fuel. A charcoal made from the wood is a good fuel.","A fast growing plant and bearing clipping well, it makes an excellent clipped hedge and can also be used as part of a native wildlife hedge where it is only trimmed every 3 - 4 years. It has also been used in topiary. The plant is frequently found as a shrub in light woodland, especially under oak. It is one of the first trees to colonize chalk grassland, where it is especially useful as a pioneer species when restoring native woodland.","Seed - best sown as soon as it is ripe in a cold frame, it usually germinates in the following spring. Pre-soak stored seed for 24 hours and then stratify for 2 - 4 months at 1 - 8°c. It can be slow to germinate. The seed can be harvested 'green' (when it has fully developed but before it has dried and produced any germination inhibitors) and sown immediately. It should germinate in late winter. If the seed is harvested too soon it will produce very weak plants or no plants at all. When large enough to handle, prick the seedlings out into individual pots and grow them on until they are 20cm or more tall before planting them out in their permanent positions. Layering, which takes about 12 months, is successful with most species in this genus. Cuttings of young shoots in early summer . The cuttings should have 2 - 3 pairs of leaves, plus one pair of buds at the base. Remove a very thin slice of bark at the base of the cutting, rooting is improved if a rooting hormone is used. The rooted cuttings must show new growth during the summer before being potted up otherwise they are unlikely to survive the winter."